Rank,Release,Opening,Total Gross,% of Total,Theaters,Average,Date,Distributor
1,Avengers: Endgame,357115007,858373000,41.6,4662,76601,2019-04-26,Walt Disney Studios Motion Pictures
2,Spider-Man: No Way Home,260138569,804793477,32.3,4336,59995,2021-12-17,Sony Pictures Releasing
3,Avengers: Infinity War,257698183,678815482,38,4474,57599,2018-04-27,Walt Disney Studios Motion Pictures
4,Star Wars: Episode VII - The Force Awakens,247966675,936662225,26.5,4134,59982,2015-12-18,Walt Disney Studios Motion Pictures
5,Star Wars: Episode VIII - The Last Jedi,220009584,620181382,35.5,4232,51987,2017-12-15,Walt Disney Studios Motion Pictures
6,Jurassic World,208806270,652270625,32,4274,48855,2015-06-12,Universal Pictures
7,The Avengers,207438708,623357910,33.3,4349,47698,2012-05-04,Walt Disney Studios Motion Pictures
8,Black Panther,202003951,700059566,28.9,4020,50249,2018-02-16,Walt Disney Studios Motion Pictures
9,The Lion King,191770759,543638043,35.3,4725,40586,2019-07-19,Walt Disney Studios Motion Pictures
10,Avengers: Age of Ultron,191271109,459005868,41.7,4276,44731,2015-05-01,Walt Disney Studios Motion Pictures
11,Doctor Strange in the Multiverse of Madness,187420998,411331607,45.6,4534,41336,2022-05-06,Walt Disney Studios Motion Pictures
12,Incredibles 2,182687905,608581744,30,4410,41425,2018-06-15,Walt Disney Studios Motion Pictures
13,Black Panther: Wakanda Forever,181339761,453829060,40,4396,41251,2022-11-11,Walt Disney Studios Motion Pictures
14,Captain America: Civil War,179139142,408084349,43.9,4226,42389,2016-05-06,Walt Disney Studios Motion Pictures
15,Star Wars: Episode IX - The Rise of Skywalker,177383864,515202542,34.4,4406,40259,2019-12-20,Walt Disney Studios Motion Pictures
16,Beauty and the Beast,174750616,504014165,34.7,4210,41508,2017-03-17,Walt Disney Studios Motion Pictures
17,Iron Man 3,174144585,409013994,42.6,4253,40946,2013-05-03,Walt Disney Studios Motion Pictures
18,Harry Potter and the Deathly Hallows: Part 2,169189427,381011219,44.4,4375,38671,2011-07-15,Warner Bros.
19,Batman v Superman: Dawn of Justice,166007347,330360194,50.2,4242,39134,2016-03-25,Warner Bros.
20,Barbie,162022044,636238421,25.5,4243,38185,2023-07-21,Warner Bros.
21,The Dark Knight Rises,160887295,448139099,35.9,4404,36532,2012-07-20,Warner Bros.
22,The Dark Knight,158411483,533345358,29.7,4366,36282,2008-07-18,Warner Bros.
23,The Hunger Games: Catching Fire,158074286,424668047,37.2,4163,37971,2013-11-22,Lionsgate Films
24,Rogue One: A Star Wars Story,155081681,532177324,29.1,4157,37306,2016-12-16,Walt Disney Studios Motion Pictures
25,Captain Marvel,153433423,426829839,36,4310,35599,2019-03-08,Walt Disney Studios Motion Pictures
26,The Hunger Games,152535747,408010692,37.4,4137,36871,2012-03-23,Lionsgate Films
27,Spider-Man 3,151116516,336530303,44.9,4252,35540,2007-05-04,Sony Pictures Releasing
28,Jurassic World: Fallen Kingdom,148024610,417719760,35.4,4475,33078,2018-06-22,Universal Pictures
29,Furious 7,147187040,353007020,41.7,4004,36760,2015-04-03,Universal Pictures
30,Guardians of the Galaxy Vol. 2,146510104,389813101,37.6,4347,33703,2017-05-05,Walt Disney Studios Motion Pictures
31,The Super Mario Bros. Movie,146361865,574934330,25.5,4343,33700,2023-04-05,Universal Pictures
32,Jurassic World Dominion,145075625,376851080,38.5,4676,31025,2022-06-10,Universal Pictures
33,Thor: Love and Thunder,144165107,343256830,42,4375,32952,2022-07-08,Walt Disney Studios Motion Pictures
34,The Twilight Saga: New Moon,142839137,296623634,48.2,4024,35496,2009-11-20,Summit Entertainment
35,The Twilight Saga: Breaking Dawn - Part 2,141067634,292324737,48.3,4070,34660,2012-11-16,Lionsgate Films
36,The Twilight Saga: Breaking Dawn - Part 1,138122261,281287133,49.1,4061,34011,2011-11-18,Summit Entertainment
37,Pirates of the Caribbean: Dead Man's Chest,135634554,423315812,32,4133,32817,2006-07-07,Walt Disney Studios Motion Pictures
38,Finding Dory,135060273,486295561,27.8,4305,31372,2016-06-17,Walt Disney Studios Motion Pictures
39,Avatar: The Way of Water,134100226,684075767,19.6,4202,31913,2022-12-16,20th Century Studios
40,The Batman,134008624,369345583,36.3,4417,30339,2022-03-04,Warner Bros.
41,Suicide Squad,133682248,325100054,41.1,4255,31417,2016-08-05,Warner Bros.
42,Deadpool,132434639,363070709,36.5,3558,37221,2016-02-12,Twentieth Century Fox
43,Frozen II,130263358,477373578,27.3,4440,29338,2019-11-22,Walt Disney Studios Motion Pictures
44,Iron Man 2,128122480,312433331,41,4380,29251,2010-05-07,Paramount Pictures
45,Top Gun: Maverick,126707459,718732821,17.6,4735,26759,2022-05-27,Paramount Pictures
46,Deadpool 2,125507153,318491426,39.4,4349,28858,2018-05-18,Twentieth Century Fox
47,Harry Potter and the Deathly Hallows: Part 1,125017372,295983305,42.2,4125,30307,2010-11-19,Warner Bros.
48,It,123403419,327481748,37.7,4103,30076,2017-09-08,Warner Bros.
49,Thor: Ragnarok,122744989,315058289,39,4080,30084,2017-11-03,Walt Disney Studios Motion Pictures
50,The Hunger Games: Mockingjay - Part 1,121897634,337135885,36.2,4151,29365,2014-11-21,Lionsgate Films
51,Shrek the Third,121629270,322719944,37.7,4122,29507,2007-05-18,DreamWorks
52,Toy Story 4,120908065,434038008,27.9,4575,26427,2019-06-21,Walt Disney Studios Motion Pictures
53,Spider-Man: Across the Spider-Verse,120663589,381311319,31.6,4313,27976,2023-06-02,Columbia Pictures
54,Guardians of the Galaxy Vol. 3,118414021,358995815,33,4450,26609,2023-05-05,Walt Disney Studios Motion Pictures
55,Spider-Man: Homecoming,117027503,334201140,35,4348,26915,2017-07-07,Sony Pictures Releasing
56,Man of Steel,116619362,291045518,40.1,4207,27720,2013-06-14,Warner Bros.
57,Alice in Wonderland,116101023,334191110,34.7,3728,31142,2010-03-05,Walt Disney Studios Motion Pictures
58,Minions,115718405,336045770,34.4,4301,26905,2015-07-10,Universal Pictures
59,Spider-Man,114844116,403706375,28.4,3615,31768,2002-05-03,Sony Pictures Releasing
60,Pirates of the Caribbean: At World's End,114732820,309420425,37.1,4362,26302,2007-05-25,Walt Disney Studios Motion Pictures
61,Toy Story 3,110307189,415004880,26.6,4028,27385,2010-06-18,Walt Disney Studios Motion Pictures
62,Transformers: Revenge of the Fallen,108966307,402111870,27.1,4234,25736,2009-06-24,DreamWorks
63,Star Wars: Episode III - Revenge of the Sith,108435841,380270577,28.5,3661,29619,2005-05-19,Twentieth Century Fox
64,Shrek 2,108037878,441426807,24.5,4163,25951,2004-05-19,DreamWorks Distribution
65,Minions: The Rise of Gru,107010140,370270765,28.9,4391,24370,2022-07-01,Universal Pictures
66,Ant-Man and the Wasp: Quantumania,106109650,214504909,49.5,4345,24421,2023-02-17,Walt Disney Studios Motion Pictures
67,The Secret Life of Pets,104352905,368623860,28.3,4370,23879,2016-07-08,Universal Pictures
68,The Jungle Book,103261464,364001123,28.4,4028,25635,2016-04-15,Walt Disney Studios Motion Pictures
69,Wonder Woman,103251471,412563408,25,4165,24790,2017-06-02,Warner Bros.
70,X-Men: The Last Stand,102750665,234362462,43.8,3690,27845,2006-05-26,Twentieth Century Fox
71,Harry Potter and the Goblet of Fire,102685961,290013036,35.4,3858,26616,2005-11-18,Warner Bros.
72,The Hunger Games: Mockingjay - Part 2,102665981,281723902,36.4,4175,24590,2015-11-20,Lionsgate Films
73,Indiana Jones and the Kingdom of the Crystal Skull,100137835,317101119,31.6,4260,23506,2008-05-22,Paramount Pictures
74,Transformers: Age of Extinction,100038390,245439076,40.8,4233,23632,2014-06-27,Paramount Pictures
75,The Fate of the Furious,98786705,226008385,43.7,4310,22920,2017-04-14,Universal Pictures
76,Iron Man,98618668,318604126,31,4105,24024,2008-05-02,Paramount Pictures
77,Transformers: Dark of the Moon,97852865,352390543,27.8,4088,23936,2011-06-29,DreamWorks
78,Fast & Furious 6,97375245,238679850,40.8,3658,26619,2013-05-24,Universal Pictures
79,Joker,96202337,335451311,28.7,4374,21994,2019-10-04,Warner Bros.
80,The Little Mermaid,95578040,298172056,32,4320,22124,2023-05-26,Walt Disney Studios Motion Pictures
81,Captain America: The Winter Soldier,95023721,259766572,36.6,3938,24129,2014-04-04,Walt Disney Studios Motion Pictures
82,Guardians of the Galaxy,94320883,333176600,28.3,4080,23117,2014-08-01,Walt Disney Studios Motion Pictures
83,Justice League,93842239,229024295,41,4051,23165,2017-11-17,Warner Bros.
84,Harry Potter and the Prisoner of Azkaban,93687367,249541069,37.5,3855,24302,2004-06-04,Warner Bros.
85,Taylor Swift: The Eras Tour,93224755,180756269,51.6,3855,24182,2023-10-13,-
86,Godzilla,93188384,200676069,46.4,3952,23580,2014-05-16,Warner Bros.
87,Spider-Man: Far from Home,92579212,390532085,23.7,4634,19978,2019-07-02,Sony Pictures Releasing
88,The Matrix Reloaded,91774413,281576461,32.6,3603,25471,2003-05-15,Warner Bros.
89,The Amazing Spider-Man 2,91608337,202853933,45.2,4324,21186,2014-05-02,Sony Pictures Releasing
90,Aladdin,91500929,355559216,25.7,4476,20442,2019-05-24,Walt Disney Studios Motion Pictures
91,It Chapter Two,91062152,211593228,43,4570,19926,2019-09-06,Warner Bros.
92,X-Men: Days of Future Past,90823660,233921534,38.8,3996,22728,2014-05-23,Twentieth Century Fox
93,Inside Out,90440272,356461711,25.4,3946,22919,2015-06-19,Walt Disney Studios Motion Pictures
94,Harry Potter and the Sorcerer's Stone,90294621,317575550,28.4,3672,24590,2001-11-16,Warner Bros.
95,Pirates of the Caribbean: On Stranger Tides,90151958,241071802,37.4,4155,21697,2011-05-20,Walt Disney Studios Motion Pictures
96,Venom: Let There Be Carnage,90033210,213550366,42.2,4225,21309,2021-10-01,Sony Pictures Releasing
97,Logan,88411916,226277068,39.1,4071,21717,2017-03-03,Twentieth Century Fox
98,Skyfall,88364714,304360277,29,3505,25211,2012-11-09,Sony Pictures Releasing
99,Harry Potter and the Chamber of Secrets,88357488,261988482,33.7,3682,23997,2002-11-15,Warner Bros.
100,Spider-Man 2,88156227,373585825,23.6,4152,21232,2004-06-30,Sony Pictures Releasing
101,Fast Five,86198765,209837675,41.1,3644,23654,2011-04-29,Universal Pictures
102,The Hangover Part II,85946294,254464305,33.8,3615,23774,2011-05-26,Warner Bros.
103,Thor: The Dark World,85737841,206362140,41.6,3841,22321,2013-11-08,Walt Disney Studios Motion Pictures
104,X2,85558731,214949694,39.8,3741,22870,2003-05-02,Twentieth Century Fox
105,Fifty Shades of Grey,85171450,166167230,51.3,3646,23360,2015-02-13,Universal Pictures
106,Doctor Strange,85058311,232641920,36.6,3882,21910,2016-11-04,Walt Disney Studios Motion Pictures
107,X-Men Origins: Wolverine,85058003,179883157,47.3,4099,20750,2009-05-01,Twentieth Century Fox
108,The Hobbit: An Unexpected Journey,84617303,303003568,27.9,4045,20918,2012-12-14,Warner Bros.
109,Solo: A Star Wars Story,84420489,213767512,39.5,4381,19269,2018-05-25,Walt Disney Studios Motion Pictures
110,The Passion of the Christ,83848082,370274604,22.6,3043,27554,2004-02-25,Newmarket Films
111,Despicable Me 2,83517315,368065385,22.7,3997,20895,2013-07-03,Universal Pictures
112,Dune: Part Two,82505391,264858587,31.2,4071,20266,2024-03-01,Warner Bros.
113,Oppenheimer,82455420,329862540,25,3610,22840,2023-07-21,Universal Pictures
114,Monsters University,82429469,268492764,30.7,4004,20586,2013-06-21,Walt Disney Studios Motion Pictures
115,Black Widow,80366312,183651655,43.8,4160,19318,2021-07-09,Walt Disney Studios Motion Pictures
116,Venom,80255756,213515506,37.6,4250,18883,2018-10-05,Sony Pictures Releasing
117,Star Wars: Episode II - Attack of the Clones,80027814,302191252,26.5,3161,25317,2002-05-16,Twentieth Century Fox
118,Godzilla x Kong: The New Empire,80006561,135037630,59.2,3861,20721,2024-03-29,Warner Bros.
119,Five Nights at Freddy's,80001720,137275620,58.3,3675,21769,2023-10-27,Universal Pictures International
120,Oz the Great and Powerful,79110453,234911825,33.7,3912,20222,2013-03-08,Walt Disney Studios Motion Pictures
121,Harry Potter and the Half-Blood Prince,77835727,301959197,25.8,4325,17996,2009-07-15,Warner Bros.
122,I Am Legend,77211321,256393010,30.1,3606,21411,2007-12-14,Warner Bros.
123,Harry Potter and the Order of the Phoenix,77108414,292004738,26.4,4285,17994,2007-07-11,Warner Bros.
124,The Da Vinci Code,77073388,217536138,35.4,3735,20635,2006-05-19,Sony Pictures Releasing
125,Avatar,77025481,749766139,10.3,3452,22313,2009-12-18,Twentieth Century Fox
126,Halloween,76221545,159342015,47.8,3928,19404,2018-10-19,Universal Pictures
127,Ant-Man and the Wasp,75812205,216648740,35,4206,18024,2018-07-06,Walt Disney Studios Motion Pictures
128,Shang-Chi and the Legend of the Ten Rings,75388688,224543292,33.6,4300,17532,2021-09-03,Walt Disney Studios Motion Pictures
129,Star Trek,75204289,257730019,29.2,3849,19538,2009-05-08,Paramount Pictures
130,Zootopia,75063401,341268248,22,3827,19614,2016-03-04,Walt Disney Studios Motion Pictures
131,Fantastic Beasts and Where to Find Them,74403387,234037575,31.8,4144,17954,2016-11-18,Warner Bros.
132,The Simpsons Movie,74036787,183135014,40.4,3922,18877,2007-07-27,Twentieth Century Fox
133,John Wick: Chapter 4,73817950,187131806,39.4,3855,19148,2023-03-24,Lionsgate Films
134,The Hobbit: The Desolation of Smaug,73645197,258366855,28.5,3903,18868,2013-12-13,Warner Bros.
135,Austin Powers in Goldmember,73071188,213307889,34.3,3613,20224,2002-07-26,New Line Cinema
136,The Lord of the Rings: The Return of the King,72629713,377027325,19.3,3703,19613,2003-12-17,New Line Cinema
137,Dawn of the Planet of the Apes,72611427,208545589,34.8,3967,18303,2014-07-11,Twentieth Century Fox
138,Despicable Me 3,72434025,264624300,27.4,4529,15993,2017-06-30,Universal Pictures
139,The Lost World: Jurassic Park,72132785,229086679,31.5,3281,21985,1997-05-23,Universal Pictures
140,Sonic the Hedgehog 2,72105176,190872904,37.8,4234,17030,2022-04-08,Paramount Pictures
141,Eternals,71297219,164870234,43.2,4090,17432,2021-11-05,Walt Disney Studios Motion Pictures
142,Us,71117625,175084580,40.6,3741,19010,2019-03-22,Universal Pictures
143,Fast & Furious,70950500,155064265,45.8,3461,20500,2009-04-03,Universal Pictures
144,300,70885301,210614939,33.7,3103,22844,2007-03-09,Warner Bros.
145,Shrek Forever After,70838207,238736787,29.7,4359,16251,2010-05-21,DreamWorks
146,Transformers,70502384,319246193,22.1,4011,17577,2007-07-03,DreamWorks
147,The Incredibles,70467623,261441092,27,3933,17917,2004-11-05,Walt Disney Studios Motion Pictures
148,Spectre,70403148,200074609,35.2,3929,17918,2015-11-06,Sony Pictures Releasing
149,Finding Nemo,70251710,339714978,20.7,3374,20821,2003-05-30,Walt Disney Studios Motion Pictures
150,The Lorax,70217070,214151550,32.8,3729,18830,2012-03-02,Universal Pictures
151,Star Trek Into Darkness,70165559,228778661,30.7,3868,18140,2013-05-16,Paramount Pictures
152,F9: The Fast Saga,70043165,173005945,40.5,4179,16760,2021-06-25,Universal Pictures
153,Twilight,69637740,192769854,36.1,3419,20367,2008-11-21,Summit Entertainment
154,Maleficent,69431298,241410378,28.8,3948,17586,2014-05-30,Walt Disney Studios Motion Pictures
155,The Bourne Ultimatum,69283690,227471070,30.5,3660,18929,2007-08-03,Universal Pictures
156,Pitch Perfect 2,69216890,184296230,37.6,3473,19930,2015-05-15,Universal Pictures
157,The Lego Movie,69050279,257760692,26.8,3775,18291,2014-02-07,Warner Bros.
158,The Day After Tomorrow,68743584,186740799,36.8,3425,20071,2004-05-28,Twentieth Century Fox
159,Planet of the Apes,68532960,180011740,38.1,3500,19580,2001-07-27,Twentieth Century Fox
160,The Mummy Returns,68139035,202019785,33.7,3401,20035,2001-05-04,Universal Pictures
161,Up,68108790,293004164,23.2,3766,18085,2009-05-29,Walt Disney Studios Motion Pictures
162,Ice Age: The Meltdown,68033544,195330621,34.8,3964,17162,2006-03-31,Twentieth Century Fox
163,Bruce Almighty,67953330,242829261,28,3483,19510,2003-05-23,Universal Pictures
164,Cinderella,67877361,201151353,33.7,3845,17653,2015-03-13,Walt Disney Studios Motion Pictures
165,Aquaman,67873522,335061807,20.3,4125,16454,2018-12-21,Warner Bros.
166,The Grinch,67572855,271478510,24.9,4141,16318,2018-11-09,Universal Pictures
167,Quantum of Solace,67528882,168368427,40.1,3451,19567,2008-11-14,Sony Pictures Releasing
168,Rush Hour 2,67408222,226164286,29.8,3118,21619,2001-08-03,New Line Cinema
169,Fast X,67017410,146126015,45.9,4046,16563,2023-05-19,Universal Pictures
170,Black Adam,67004323,168152111,39.8,4402,15221,2022-10-21,Warner Bros.
171,World War Z,66411834,202359711,32.8,3607,18411,2013-06-21,Paramount Pictures
172,Brave,66323594,237283207,28,4164,15927,2012-06-22,Walt Disney Studios Motion Pictures
173,Cars 2,66135507,191452396,34.5,4115,16071,2011-06-24,Walt Disney Studios Motion Pictures
174,X-Men: Apocalypse,65769562,155442489,42.3,4150,15848,2016-05-27,Twentieth Century Fox
175,Thor,65723338,181030624,36.3,3955,16617,2011-05-06,Paramount Pictures
176,Teenage Mutant Ninja Turtles,65575105,191204754,34.3,3845,17054,2014-08-08,Paramount Pictures
177,"The Chronicles of Narnia: The Lion, the Witch and the Wardrobe",65556312,291710957,22.5,3616,18129,2005-12-09,Walt Disney Studios Motion Pictures
178,2012,65237614,166112167,39.3,3404,19164,2009-11-13,Sony Pictures Releasing
179,Captain America: The First Avenger,65058524,176654505,36.8,3715,17512,2011-07-22,Paramount Pictures
180,War of the Worlds,64878725,234280354,27.7,3908,16601,2005-06-29,Paramount Pictures
181,The Twilight Saga: Eclipse,64832191,300531751,21.6,4468,14510,2010-06-30,Summit Entertainment
182,Star Wars: Episode I - The Phantom Menace,64820970,431088295,15,2970,21825,1999-05-19,Twentieth Century Fox
183,Madagascar: Escape 2 Africa,63106589,180010950,35.1,4056,15558,2008-11-07,DreamWorks
184,WALL·E,63087526,223808164,28.2,3992,15803,2008-06-27,Walt Disney Studios Motion Pictures
185,Pirates of the Caribbean: Dead Men Tell No Tales,62983253,172558876,36.5,4276,14729,2017-05-26,Walt Disney Studios Motion Pictures
186,Inception,62785337,292576195,21.5,3792,16557,2010-07-16,Warner Bros.
187,Hancock,62603879,227946274,27.5,3965,15789,2008-07-02,Sony Pictures Releasing
188,"Monsters, Inc.",62577067,255873250,24.5,3237,19331,2001-11-02,Walt Disney Studios Motion Pictures
189,Bad Boys for Life,62504105,206305244,30.3,3775,16557,2020-01-17,Sony Pictures Releasing
190,Sherlock Holmes,62304277,209028679,29.8,3626,17182,2009-12-25,Warner Bros.
191,Fantastic Beasts: The Crimes of Grindelwald,62163104,159555901,39,4163,14932,2018-11-16,Warner Bros.
192,Hulk,62128420,132177234,47,3660,16974,2003-06-20,Universal Pictures
193,The Lord of the Rings: The Two Towers,62007528,339789881,18.2,3622,17119,2002-12-18,New Line Cinema
194,The Amazing Spider-Man,62004688,262030663,23.7,4318,14359,2012-07-03,Sony Pictures Releasing
195,Mission: Impossible - Fallout,61236534,220159104,27.8,4386,13961,2018-07-27,Paramount Pictures
196,Clash of the Titans,61235105,163214888,37.5,3777,16212,2010-04-02,Warner Bros.
197,Transformers: Rise of the Beasts,61045464,157066392,38.9,3678,16597,2023-06-09,Paramount Pictures
198,Kong: Skull Island,61025472,168052812,36.3,3846,15867,2017-03-10,Warner Bros.
199,Indiana Jones and the Dial of Destiny,60368101,174480468,34.6,4600,13123,2023-06-30,Walt Disney Studios Motion Pictures
200,Madagascar 3: Europe's Most Wanted,60316738,216391482,27.9,4258,14165,2012-06-08,DreamWorks
201,Kung Fu Panda,60239130,215434591,28,4114,14642,2008-06-06,DreamWorks
202,Straight Outta Compton,60200180,161197785,37.4,2757,21835,2015-08-14,Universal Pictures
203,Cars,60119509,244082982,24.6,3985,15086,2006-06-09,Walt Disney Studios Motion Pictures
204,Signs,60117080,227966634,26.4,3264,18418,2002-08-02,Walt Disney Studios Motion Pictures
205,Fast & Furious Presents: Hobbs & Shaw,60038950,173956935,34.5,4253,14116,2019-08-02,Universal Pictures
206,Monsters vs. Aliens,59321095,198351526,29.9,4104,14454,2009-03-27,DreamWorks
207,Star Trek Beyond,59253211,158848340,37.3,3928,15084,2016-07-22,Paramount Pictures
208,Jumanji: The Next Level,59251543,320314960,18.5,4227,14017,2019-12-13,Sony Pictures Releasing
209,Jason Bourne,59215365,162434410,36.4,4026,14708,2016-07-29,Universal Pictures
210,Pearl Harbor,59078912,198542554,29.8,3214,18381,2001-05-25,Walt Disney Studios Motion Pictures
211,Creed III,58370007,156248615,37.4,4007,14567,2023-03-03,United Artists Releasing
212,Fantastic Four: Rise of the Silver Surfer,58051684,131921738,44,3959,14663,2007-06-15,Twentieth Century Fox
213,Sonic the Hedgehog,58018348,148974665,39,4167,13923,2020-02-14,Paramount Pictures
214,Hannibal,58003121,165092268,35.1,3230,17957,2001-02-09,Metro-Goldwyn-Mayer
215,Kung Fu Panda 4,57989905,158207090,36.6,4035,14371,2024-03-08,Universal Pictures
216,Mission: Impossible II,57845297,215409889,26.8,3653,15835,2000-05-24,Paramount Pictures
217,Ant-Man,57225526,180202163,31.8,3856,14840,2015-07-17,Walt Disney Studios Motion Pictures
218,22 Jump Street,57071445,191719337,29.8,3306,17262,2014-06-13,Sony Pictures Releasing
219,Sex and the City,57038404,152647258,37.4,3285,17363,2008-05-30,Warner Bros.
220,John Wick: Chapter 3 - Parabellum,56818067,171015687,33.2,3850,14757,2019-05-17,Lionsgate Films
221,Moana,56631401,248757044,22.8,3875,14614,2016-11-23,Walt Disney Studios Motion Pictures
222,Despicable Me,56397125,251639815,22.4,3476,16224,2010-07-09,Universal Pictures
223,War for the Planet of the Apes,56262929,146880162,38.3,4022,13988,2017-07-14,Twentieth Century Fox
224,Valentine's Day,56260707,110485654,50.9,3665,15350,2010-02-12,Warner Bros.
225,Ralph Breaks the Internet,56237634,201091711,28,4017,13999,2018-11-21,Walt Disney Studios Motion Pictures
226,Snow White and the Huntsman,56217700,155332381,36.2,3773,14900,2012-06-01,Universal Pictures
227,Big Hero 6,56215889,222527828,25.3,3761,14947,2014-11-07,Walt Disney Studios Motion Pictures
228,Charlie and the Chocolate Factory,56178450,206459076,27.2,3770,14901,2005-07-15,Warner Bros.
229,Fantastic Four,56061504,154696080,36.2,3602,15563,2005-07-08,Twentieth Century Fox
230,Gravity,55785112,274092705,20.4,3575,15604,2013-10-04,Warner Bros.
231,The Karate Kid,55665805,176591618,31.5,3663,15196,2010-06-11,Sony Pictures Releasing
232,Mission: Impossible - Rogue Nation,55520089,195042377,28.5,3956,14034,2015-07-31,Paramount Pictures
233,The Incredible Hulk,55414050,134806913,41.1,3505,15810,2008-06-13,Universal Pictures
234,The SpongeBob Movie: Sponge Out of Water,55365012,162994032,34,3641,15205,2015-02-06,Paramount Pictures
235,No Time to Die,55225007,160891007,34.3,4407,12531,2021-10-08,Metro-Goldwyn-Mayer
236,Watchmen,55214334,107509799,51.4,3611,15290,2009-03-06,Warner Bros.
237,X-Men: First Class,55101604,146408305,37.6,3641,15133,2011-06-03,Twentieth Century Fox
238,How the Grinch Stole Christmas,55082330,260745620,21.1,3127,17615,2000-11-17,Universal Pictures
239,The Flash,55043679,108133313,50.9,4234,13000,2023-06-16,Warner Bros.
240,The Chronicles of Narnia: Prince Caspian,55034805,141621490,38.9,3929,14007,2008-05-16,Walt Disney Studios Motion Pictures
241,How to Train Your Dragon: The Hidden World,55022245,160799505,34.2,4259,12919,2019-02-22,Universal Pictures
242,Austin Powers: The Spy Who Shagged Me,54917604,206040086,26.6,3312,16581,1999-06-09,New Line Cinema
243,Rise of the Planet of the Apes,54806191,176760185,31,3648,15023,2011-08-05,Twentieth Century Fox
244,The Hobbit: The Battle of the Five Armies,54724334,255119788,21.4,3875,14122,2014-12-17,Warner Bros.
245,G.I. Joe: The Rise of Cobra,54713046,150201498,36.4,4007,13654,2009-08-07,Paramount Pictures
246,Mission: Impossible - Dead Reckoning Part One,54688347,172135383,31.8,4327,12638,2023-07-12,Paramount Pictures
247,Divergent,54607747,150947895,36.2,3936,13873,2014-03-21,Lionsgate Films
248,Men in Black³,54592779,179020854,30.5,4248,12851,2012-05-25,Sony Pictures Releasing
249,San Andreas,54588173,155190832,35.2,3777,14452,2015-05-29,Warner Bros.
250,X-Men,54471475,157299718,34.6,3025,18007,2000-07-14,Twentieth Century Fox
251,Ted,54415205,218815487,24.9,3239,16800,2012-06-29,Universal Pictures
252,Pokémon: Detective Pikachu,54365242,144105346,37.7,4202,12937,2019-05-10,Warner Bros.
253,The Martian,54308575,228433663,23.8,3831,14176,2015-10-02,Twentieth Century Fox
254,Night at the Museum: Battle of the Smithsonian,54173286,177243721,30.6,4096,13225,2009-05-22,Twentieth Century Fox
255,Scooby-Doo,54155312,153294164,35.3,3447,15710,2002-06-14,Warner Bros.
256,The Nun,53807379,117450119,45.8,3876,13882,2018-09-07,Warner Bros.
257,Cars 3,53688680,152901115,35.1,4256,12614,2017-06-16,Walt Disney Studios Motion Pictures
258,Shazam!,53505326,140371656,38.1,4217,12688,2019-04-05,Warner Bros.
259,Green Lantern,53174303,116601172,45.6,3816,13934,2011-06-17,Warner Bros.
260,The Wolverine,53113752,132556852,40.1,3924,13535,2013-07-26,Twentieth Century Fox
261,The Lego Batman Movie,53003468,175750384,30.2,4088,12965,2017-02-10,Warner Bros.
262,Batman Forever,52784433,184031112,28.7,2842,18572,1995-06-16,Warner Bros.
263,Paranormal Activity 3,52568183,104028807,50.5,3321,15829,2011-10-21,Paramount Pictures
264,Superman Returns,52535096,200081192,26.3,4065,12923,2006-06-28,Warner Bros.
265,The Bourne Supremacy,52521865,176241941,29.8,3165,16594,2004-07-23,Universal Pictures
266,The Divergent Series: Insurgent,52263680,130179072,40.2,3875,13487,2015-03-20,Lionsgate Films
267,"I, Robot",52179887,144801023,36,3420,15257,2004-07-16,Twentieth Century Fox
268,Men in Black II,52148751,190418803,27.4,3557,14660,2002-07-03,Sony Pictures Releasing
269,Home,52107731,177397510,29.4,3708,14052,2015-03-27,Twentieth Century Fox
270,Van Helsing,51748040,120177084,43.1,3575,14474,2004-05-07,Universal Pictures
271,8 Mile,51240555,116750901,43.9,2470,20745,2002-11-08,Universal Pictures
272,Men in Black,51068455,250690539,20.4,3020,16910,1997-07-02,Sony Pictures Releasing
273,Bohemian Rhapsody,51061119,216428042,23.6,4000,12765,2018-11-02,Twentieth Century Fox
274,Prometheus,51050101,126477084,40.4,3396,15032,2012-06-08,Twentieth Century Fox
275,Wanted,50927085,134508551,37.9,3175,16040,2008-06-27,Universal Pictures
276,Coco,50802605,210460015,24.1,3987,12742,2017-11-22,Walt Disney Studios Motion Pictures
277,Jurassic Park III,50771645,181171875,28,3434,14784,2001-07-18,Universal Pictures
278,The Village,50746142,114197520,44.4,3730,13604,2004-07-30,Walt Disney Studios Motion Pictures
279,Lightyear,50577961,118307188,42.8,4255,11886,2022-06-17,Walt Disney Studios Motion Pictures
280,Dunkirk,50513488,188045546,26.9,3720,13578,2017-07-21,Warner Bros.
281,2 Fast 2 Furious,50472480,127154901,39.7,3408,14810,2003-06-06,Universal Pictures
282,Jackass 3D,50353641,117229692,43,3081,16343,2010-10-15,Paramount Pictures
283,Mr. & Mrs. Smith,50342878,186336279,27,3424,14702,2005-06-10,Twentieth Century Fox
284,Rush Hour 3,50237000,140125968,35.8,3778,13297,2007-08-10,New Line Cinema
285,Independence Day,50228264,306169268,16.4,2882,17428,1996-07-03,Twentieth Century Fox
286,A Quiet Place,50203562,188024361,26.7,3508,14311,2018-04-06,Paramount Pictures
287,The Boss Baby,50198902,175003033,28.7,3773,13304,2017-03-31,Twentieth Century Fox
288,King Kong,50130145,218080025,23,3568,14049,2005-12-14,Universal Pictures
289,The Great Gatsby,50085185,144840419,34.6,3535,14168,2013-05-10,Warner Bros.
290,Scary Movie 3,49700000,110003217,45.2,3505,14179,2003-10-24,Dimension Films
291,Taken 2,49514769,139854287,35.4,3661,13524,2012-10-05,Twentieth Century Fox
292,How to Train Your Dragon 2,49451322,177002924,27.9,4253,11627,2014-06-13,Twentieth Century Fox
293,Halloween Kills,49404980,92002155,53.7,3705,13334,2021-10-15,Universal Pictures
294,Wreck-It Ralph,49038712,189422889,25.9,3752,13070,2012-11-02,Walt Disney Studios Motion Pictures
295,Neighbors,49033915,150157400,32.7,3279,14953,2014-05-09,Universal Pictures
296,Alvin and the Chipmunks: The Squeakquel,48875415,219614612,22.3,3700,13209,2009-12-23,Twentieth Century Fox
297,Tangled,48767052,200821936,24.3,3603,13535,2010-11-24,Walt Disney Studios Motion Pictures
298,Batman Begins,48745440,205343774,23.7,3858,12634,2005-06-15,Warner Bros.
299,The Matrix Revolutions,48475154,139313948,34.8,3502,13842,2003-11-05,Warner Bros.
300,Hotel Transylvania 2,48464322,169700110,28.6,3754,12910,2015-09-25,Sony Pictures Releasing
301,The Fault in Our Stars,48002523,124872350,38.4,3173,15128,2014-06-06,Twentieth Century Fox
302,Godzilla: King of the Monsters,47776293,110500138,43.2,4108,11630,2019-05-31,Warner Bros.
303,Mission: Impossible III,47743273,134029801,35.6,4054,11776,2006-05-05,Paramount Pictures
304,Lara Croft: Tomb Raider,47735743,131168070,36.4,3308,14430,2001-06-15,Paramount Pictures
305,Kung Fu Panda 2,47656302,165249063,28.8,3925,12141,2011-05-26,DreamWorks
306,The Longest Yard,47606480,158119460,30.1,3634,13100,2005-05-27,Paramount Pictures
307,Shark Tale,47604606,160861908,29.6,4016,11853,2004-10-01,DreamWorks Distribution
308,A Quiet Place Part II,47547231,160072261,29.7,3726,12760,2021-05-28,Paramount Pictures
309,Interstellar,47510360,188020017,25.3,3561,13341,2014-11-05,Paramount Pictures
310,Madagascar,47224594,193595521,24.4,4131,11431,2005-05-27,DreamWorks Distribution
311,The Lord of the Rings: The Fellowship of the Ring,47211490,313364114,15.1,3359,14055,2001-12-19,New Line Cinema
312,Die Another Day,47072040,160942139,29.2,3314,14203,2002-11-22,Metro-Goldwyn-Mayer
313,Talladega Nights: The Ballad of Ricky Bobby,47042215,148213377,31.7,3803,12369,2006-08-04,Sony Pictures Releasing
314,Ratatouille,47027395,206445654,22.8,3940,11935,2007-06-29,Walt Disney Studios Motion Pictures
315,Jurassic Park,47026828,357067947,13.2,2404,19561,1993-06-11,Universal Pictures
316,Troy,46865412,133378256,35.1,3411,13739,2004-05-14,Warner Bros.
317,The Secret Life of Pets 2,46652680,158980250,29.3,4561,10228,2019-06-07,Universal Pictures
318,Pirates of the Caribbean: The Curse of the Black Pearl,46630690,305413918,15.3,3269,14264,2003-07-09,Walt Disney Studios Motion Pictures
319,Ice Age: Continental Drift,46629259,161321843,28.9,3881,12014,2012-07-13,Twentieth Century Fox
320,Fifty Shades Darker,46607250,114581250,40.7,3710,12562,2017-02-10,Universal Pictures
321,Trolls,46581142,153856089,30.3,4060,11473,2016-11-04,Twentieth Century Fox
322,Bad Boys II,46522560,138608444,33.6,3186,14602,2003-07-18,Sony Pictures Releasing
323,Ice Age,46312454,176387405,26.3,3316,13966,2002-03-15,Twentieth Century Fox
324,Angels & Demons,46204168,133375846,34.6,3527,13100,2009-05-15,Sony Pictures Releasing
325,Meet the Fockers,46120980,279261160,16.5,3518,13110,2004-12-22,Universal Pictures
326,The Marvels,46110859,84500223,54.6,4030,11441,2023-11-10,Walt Disney Studios Motion Pictures
327,Ghostbusters,46018755,128350574,35.8,3963,11612,2016-07-15,Sony Pictures Releasing
328,Megamind,46016833,148415853,31,3944,11667,2010-11-05,DreamWorks
329,Dumbo,45990748,114766307,40.1,4259,10798,2019-03-29,Walt Disney Studios Motion Pictures
330,Batman Returns,45687711,162831698,28.1,2644,17279,1992-06-19,Warner Bros.
331,Mission: Impossible,45436830,180981856,25.1,3012,15085,1996-05-22,Paramount Pictures
332,Mad Max: Fury Road,45428128,153636354,29.6,3702,12271,2015-05-15,Warner Bros.
333,The Meg,45402195,145443742,31.2,4118,11025,2018-08-10,Warner Bros.
334,Ghost Rider,45388836,115802596,39.2,3619,12541,2007-02-16,Sony Pictures Releasing
335,American Pie 2,45117985,145103595,31.1,3063,14729,2001-08-10,Universal Pictures
336,300: Rise of an Empire,45038460,106580051,42.3,3470,12979,2014-03-07,Warner Bros.
337,Horton Hears a Who!,45012998,154529439,29.1,3954,11384,2008-03-14,Twentieth Century Fox
338,Ghostbusters: Frozen Empire,45004673,88863665,50.6,4345,10357,2024-03-22,Sony Pictures Releasing
339,The Hangover,44979319,277322503,16.2,3269,13759,2009-06-05,Warner Bros.
340,National Treasure: Book of Secrets,44783772,219964115,20.4,3832,11686,2007-12-21,Walt Disney Studios Motion Pictures
341,Transformers: The Last Knight,44680073,130168683,34.3,4069,10980,2017-06-21,Paramount Pictures
342,The Hunger Games: The Ballad of Songbirds & Snakes,44607143,166350594,26.8,3776,11813,2023-11-17,Lionsgate Films
343,xXx,44506103,142109382,31.3,3374,13190,2002-08-09,Revolution Studios
344,Scream VI,44447270,108161389,41.1,3675,12094,2023-03-10,Paramount Pictures
345,Nope,44366910,123277080,36,3785,11721,2022-07-22,Universal Pictures
346,Alvin and the Chipmunks,44307417,217326974,20.4,3475,12750,2007-12-14,Twentieth Century Fox
347,The Peanuts Movie,44213073,130178411,34,3897,11345,2015-11-06,Twentieth Century Fox
348,Hotel Transylvania 3: Summer Vacation,44076225,167510016,26.3,4267,10329,2018-07-13,Sony Pictures Releasing
349,Godzilla,44047541,136314294,32.3,3310,13307,1998-05-20,Sony Pictures Releasing
350,Terminator 3: Rise of the Machines,44041440,150371112,29.3,3504,12568,2003-07-02,Warner Bros.
351,Tron: Legacy,44026211,172062763,25.6,3451,12757,2010-12-17,Walt Disney Studios Motion Pictures
352,Uncharted,44010155,148648820,29.6,4275,10294,2022-02-18,Sony Pictures Releasing
353,Ghostbusters: Afterlife,44008406,129360575,34,4315,10198,2021-11-19,Sony Pictures Releasing
354,Lucy,43899340,126663600,34.7,3173,13835,2014-07-25,Universal Pictures
355,How to Train Your Dragon,43732319,217581231,20.1,4055,10784,2010-03-26,DreamWorks
356,Noah,43720472,101200044,43.2,3567,12256,2014-03-28,Paramount Pictures
357,The Croods,43639736,187168425,23.3,4046,10785,2013-03-22,Twentieth Century Fox
358,American Gangster,43565135,130164645,33.5,3054,14264,2007-11-02,Universal Pictures
359,The Mummy,43369635,155516138,27.9,3210,13510,1999-05-07,Universal Pictures
360,Hitch,43142214,179495555,24,3575,12067,2005-02-11,Sony Pictures Releasing
361,A Star Is Born,42908051,215288866,19.9,3686,11640,2018-10-05,Warner Bros.
362,Batman & Robin,42872605,107325195,40,2934,14612,1997-06-20,Warner Bros.
363,Terminator Salvation,42558390,125322469,34,3530,12056,2009-05-21,Warner Bros.
364,Hotel Transylvania,42522194,148313048,28.7,3349,12696,2012-09-28,Sony Pictures Releasing
365,Nutty Professor II: The Klumps,42518830,123309890,34.5,3242,13115,2000-07-28,Universal Pictures
366,Shrek,42347760,267851831,15.8,3587,11805,2001-05-16,DreamWorks Distribution
367,Scary Movie,42346669,157019771,27,2912,14542,2000-07-07,Miramax
368,Anger Management,42220847,135645823,31.1,3551,11889,2003-04-11,Revolution Studios
369,Fantastic Beasts: The Secrets of Dumbledore,42151256,95850844,44,4208,10016,2022-04-15,Warner Bros.
370,High School Musical 3: Senior Year,42030184,90559416,46.4,3623,11600,2008-10-24,Walt Disney Studios Motion Pictures
371,The Conjuring,41855326,137400141,30.5,2903,14417,2013-07-19,Warner Bros.
372,Ready Player One,41764050,137690172,30.3,4234,9863,2018-03-29,Warner Bros.
373,Ice Age: Dawn of the Dinosaurs,41690382,196573705,21.2,4099,10170,2009-07-01,Twentieth Century Fox
374,The Hangover Part III,41671198,112200072,37.1,3555,11721,2013-05-23,Warner Bros.
375,Ocean's Eight,41607378,140218711,29.7,4145,10037,2018-06-08,Warner Bros.
376,Big Daddy,41536370,163479795,25.4,3027,13721,1999-06-25,Sony Pictures Releasing
377,Happy Feet,41533432,198000317,21,3804,10918,2006-11-17,Warner Bros.
378,Ride Along,41516170,134938200,30.8,2663,15590,2014-01-17,Universal Pictures
379,Grown Ups 2,41508572,133668525,31,3491,11890,2013-07-12,Sony Pictures Releasing
380,The Perfect Storm,41325042,182618434,22.6,3407,12129,2000-06-30,Warner Bros.
381,Kung Fu Panda 3,41282042,143528619,28.8,3955,10437,2016-01-29,Twentieth Century Fox
382,The Vow,41202458,125014030,33,2958,13929,2012-02-10,Screen Gems
383,Deep Impact,41152375,140464664,29.3,3156,13039,1998-05-08,Paramount Pictures
384,Once Upon a Time... in Hollywood,41082018,142502728,28.8,3659,11227,2019-07-26,Sony Pictures Releasing
385,Shutter Island,41062440,128012934,32.1,2991,13728,2010-02-19,Paramount Pictures
386,Twister,41059405,241721524,17,2414,17008,1996-05-10,Warner Bros.
387,Independence Day: Resurgence,41039944,103144286,39.8,4130,9937,2016-06-24,Twentieth Century Fox
388,Madea Goes to Jail,41030947,90508336,45.3,2032,20192,2009-02-20,Lionsgate Films
389,Dune: Part One,41011174,108327830,37.9,4125,9942,2021-10-22,Warner Bros.
390,Casino Royale,40833156,167445960,24.4,3434,11890,2006-11-17,Sony Pictures Releasing
391,Paranormal Activity 2,40678424,84752907,48,3216,12648,2010-10-22,Paramount Pictures
392,Friday the 13th,40570365,65002019,62.4,3105,13066,2009-02-13,Warner Bros.
393,Grown Ups,40506562,162001186,25,3534,11461,2010-06-25,Sony Pictures Releasing
394,G.I. Joe: Retaliation,40501814,122523060,33.1,3719,10890,2013-03-28,Paramount Pictures
395,Batman,40489746,251188924,16.1,2194,18454,1989-06-23,Warner Bros.
396,The Mummy: Tomb of the Dragon Emperor,40457770,102491776,39.5,3760,10760,2008-08-01,Universal Pictures
397,The Conjuring 2,40406314,102470008,39.4,3343,12086,2016-06-10,Warner Bros.
398,Glass,40328920,111048468,36.3,3841,10499,2019-01-18,Universal Pictures
399,The Last Airbender,40325019,131772187,30.6,3169,12724,2010-07-01,Paramount Pictures
400,Daredevil,40310419,102543518,39.3,3471,11613,2003-02-14,Twentieth Century Fox
401,Power Rangers,40300288,85364450,47.2,3693,10912,2017-03-24,Lionsgate Films
402,Insidious: Chapter 2,40272103,83586447,48.2,3049,13208,2013-09-13,FilmDistrict
403,Scary Movie 4,40222875,90710620,44.3,3602,11166,2006-04-14,-
404,Safe House,40172720,126373434,31.8,3119,12880,2012-02-10,Universal Pictures
405,Charlie's Angels,40128550,125305545,32,3037,13213,2000-11-03,Sony Pictures Releasing
406,The Fast and the Furious,40089015,144533925,27.7,2628,15254,2001-06-22,Universal Pictures
407,Cloverfield,40058229,80048433,50,3411,11743,2008-01-18,Paramount Pictures
408,Halloween Ends,40050355,64079860,62.5,3901,10266,2022-10-14,Universal Pictures
409,Chicken Little,40049778,135386665,29.6,3654,10960,2005-11-04,Walt Disney Studios Motion Pictures
410,Click,40011365,137355633,29.1,3749,10672,2006-06-23,Revolution Studios
411,Split,40010975,138291365,28.9,3038,13170,2017-01-20,Universal Pictures
412,50 First Dates,39852237,120908074,33,3591,11097,2004-02-13,Sony Pictures Releasing
413,Wild Hogs,39699023,168273550,23.6,3287,12077,2007-03-02,Walt Disney Studios Motion Pictures
414,Sherlock Holmes: A Game of Shadows,39637079,186848418,21.2,3703,10704,2011-12-16,Warner Bros.
415,The Waterboy,39414071,161491646,24.4,2664,14795,1998-11-06,Walt Disney Studios Motion Pictures
416,Rio 2,39327869,131538435,29.9,3948,9961,2014-04-11,Twentieth Century Fox
417,Rio,39225962,143619809,27.3,3826,10252,2011-04-15,Twentieth Century Fox
418,Taken 3,39201657,89256424,43.9,3594,10907,2015-01-09,Twentieth Century Fox
419,The Break-Up,39172785,118703275,33,3070,12759,2006-06-02,Universal Pictures
420,The Good Dinosaur,39155217,123087120,31.8,3749,10444,2015-11-25,Walt Disney Studios Motion Pictures
421,Ocean's Twelve,39153380,125544280,31.2,3290,11900,2004-12-10,Warner Bros.
422,The Grudge,39128715,110359362,35.5,3245,12058,2004-10-22,Sony Pictures Releasing
423,Magic Mike,39127170,113721571,34.4,2930,13353,2012-06-29,Warner Bros.
424,Onward,39119861,61555145,63.6,4310,9076,2020-03-06,Walt Disney Studios Motion Pictures
425,The Heat,39115043,159582188,24.5,3181,12296,2013-06-28,Twentieth Century Fox
426,Kingsman: The Golden Circle,39023010,100229647,38.9,4003,9748,2017-09-22,Twentieth Century Fox
427,Morbius,39005895,73865530,52.8,4268,9139,2022-04-01,Columbia Pictures
428,Wonka,39005800,218402312,17.9,4203,9280,2023-12-15,Warner Bros.
429,Dinosaur,38854851,137748063,28.2,3257,11929,2000-05-19,Walt Disney Studios Motion Pictures
430,Daddy's Home,38740203,150357137,25.8,3271,11843,2015-12-25,Paramount Pictures
431,Get Smart,38683480,130319208,29.7,3911,9890,2008-06-20,Warner Bros.
432,Fifty Shades Freed,38560195,100407760,38.4,3768,10233,2018-02-09,Universal Pictures
433,You Don't Mess with the Zohan,38531374,100018837,38.5,3462,11129,2008-06-06,Sony Pictures Releasing
434,The Legend of Tarzan,38527856,126643061,30.4,3561,10819,2016-07-01,Warner Bros.
435,Over the Hedge,38457003,155019340,24.8,4059,9474,2006-05-19,DreamWorks
436,The Cat in the Hat,38329160,101149285,37.9,3464,11065,2003-11-21,Universal Pictures
437,Alien vs. Predator,38291056,80282231,47.7,3395,11278,2004-08-13,Twentieth Century Fox
438,The Angry Birds Movie,38155177,107509366,35.5,3932,9703,2016-05-20,Sony Pictures Releasing
439,The Bourne Legacy,38142825,113203870,33.7,3745,10185,2012-08-10,Universal Pictures
440,Ocean's Eleven,38107822,183417150,20.8,3075,12392,2001-12-07,Warner Bros.
441,Rango,38079323,123477607,30.8,3917,9721,2011-03-04,Paramount Pictures
442,Inglourious Basterds,38054676,120540719,31.6,3165,12023,2009-08-21,The Weinstein Company
443,Bee Movie,38021044,126631277,30,3928,9679,2007-11-02,DreamWorks
444,Ace Ventura: When Nature Calls,37804076,108385533,34.9,2652,14254,1995-11-10,Warner Bros.
445,Charlie's Angels: Full Throttle,37634221,100830111,37.3,3459,10880,2003-06-27,Sony Pictures Releasing
446,Hop,37543710,108085305,34.7,3579,10490,2011-04-01,Universal Pictures
447,Gone Girl,37513109,167767189,22.4,3014,12446,2014-10-03,Twentieth Century Fox
448,District 9,37354308,115646235,32.3,3049,12251,2009-08-14,TriStar Pictures
449,Pacific Rim,37285325,101802906,36.6,3275,11384,2013-07-12,Warner Bros.
450,Dungeons & Dragons: Honor Among Thieves,37205784,93277026,39.9,3855,9651,2023-03-31,Paramount Pictures
451,Mr. Deeds,37162787,126293452,29.4,3231,11501,2002-06-28,Sony Pictures Releasing
452,Annabelle,37134255,84273813,44.1,3185,11659,2014-10-03,Warner Bros.
453,Air Force One,37132505,172956409,21.5,2919,12720,1997-07-25,Sony Pictures Releasing
454,S.W.A.T.,37062535,116934650,31.7,3202,11574,2003-08-08,Sony Pictures Releasing
455,Oblivion,37054485,89107235,41.6,3783,9795,2013-04-19,Universal Pictures
456,Maleficent: Mistress of Evil,36948713,113929605,32.4,3790,9749,2019-10-18,Walt Disney Studios Motion Pictures
457,Red Dragon,36540945,93149898,39.2,3357,10885,2002-10-04,Universal Pictures
458,Cowboys & Aliens,36431290,100240551,36.3,3750,9715,2011-07-29,Universal Pictures
459,Freddy vs. Jason,36400000,82622655,44.1,3014,12076,2003-08-15,New Line Cinema
460,Interview with the Vampire: The Vampire Chronicles,36389705,105264608,34.6,2604,13974,1994-11-11,Warner Bros.
461,Marley & Me,36357586,143153751,25.4,3480,10447,2008-12-25,Twentieth Century Fox
462,21 Jump Street,36302612,138447667,26.2,3121,11631,2012-03-16,Sony Pictures Releasing
463,Kingsman: The Secret Service,36206331,128261724,28.2,3204,11300,2015-02-13,Twentieth Century Fox
464,Jumanji: Welcome to the Jungle,36169328,404515480,8.9,3765,9606,2017-12-20,Sony Pictures Releasing
465,Alien: Covenant,36160621,74262031,48.7,3761,9614,2017-05-19,Twentieth Century Fox
466,Ocean's Thirteen,36133403,117154724,30.8,3565,10135,2007-06-08,Warner Bros.
467,Dumb and Dumber To,36111775,86208010,41.9,3154,11449,2014-11-14,Universal Pictures
468,Armageddon,36089972,201578182,17.9,3127,11541,1998-07-01,Walt Disney Studios Motion Pictures
469,The Scorpion King,36075875,91047077,39.6,3444,10474,2002-04-19,Universal Pictures
470,Robin Hood,36063385,105269730,34.3,3503,10295,2010-05-14,Universal Pictures
471,Robots,36045301,128200012,28.1,3776,9545,2005-03-11,Twentieth Century Fox
472,The Equalizer 2,36011640,102084362,35.3,3388,10629,2018-07-20,Sony Pictures Releasing
473,Salt,36011243,118311368,30.4,3612,9969,2010-07-23,Sony Pictures Releasing
474,Star Wars: Episode IV - A New Hope1997 Special Edition,35906661,138257865,26,2104,17065,1997-01-31,Twentieth Century Fox
475,"10,000 BC",35867488,94784201,37.8,3410,10518,2008-03-07,Warner Bros.
476,Rampage,35753093,101028233,35.4,4101,8718,2018-04-13,Warner Bros.
477,Minority Report,35677125,132072926,27,3001,11888,2002-06-21,Twentieth Century Fox
478,Sweet Home Alabama,35648740,127223418,28,3293,10825,2002-09-27,Walt Disney Studios Motion Pictures
479,The Smurfs,35611637,142614158,25,3395,10489,2011-07-29,Sony Pictures Releasing
480,Creed II,35574710,115715889,30.7,3441,10338,2018-11-21,Metro-Goldwyn-Mayer
481,Battle Los Angeles,35573187,83552429,42.6,3417,10410,2011-03-11,Sony Pictures Releasing
482,The Other Guys,35543162,119219978,29.8,3651,9735,2010-08-06,Sony Pictures Releasing
483,Central Intelligence,35535250,127440871,27.9,3508,10129,2016-06-17,Warner Bros.
484,The World Is Not Enough,35519007,126943684,28,3163,11229,1999-11-19,Metro-Goldwyn-Mayer
485,Super 8,35451168,127004179,27.9,3379,10491,2011-06-10,Paramount Pictures
486,Spider-Man: Into the Spider-Verse,35363376,190241310,18.6,3813,9274,2018-12-14,Sony Pictures Releasing
487,Teenage Mutant Ninja Turtles: Out of the Shadows,35316382,82051601,43,4071,8675,2016-06-03,Paramount Pictures
488,Lilo & Stitch,35260212,145794338,24.2,3191,11049,2002-06-21,Walt Disney Studios Motion Pictures
489,Sing,35258145,270395425,13,4022,8766,2016-12-21,Universal Pictures
490,Ride Along 2,35243095,91221830,38.6,3175,11100,2016-01-15,Universal Pictures
491,National Treasure,35142554,173008894,20.3,3017,11648,2004-11-19,Walt Disney Studios Motion Pictures
492,The Ring Two,35065237,76231249,46,3332,10523,2005-03-18,DreamWorks Distribution
493,Runaway Bride,35055556,152257509,23,3158,11100,1999-07-30,Paramount Pictures
494,Sully,35028301,125070033,28,3525,9937,2016-09-09,Warner Bros.
495,Jungle Cruise,35018731,116987516,29.9,4310,8124,2021-07-30,Walt Disney Studios Motion Pictures
496,Annabelle: Creation,35006404,102092201,34.3,3502,9996,2017-08-11,Warner Bros.
497,Mamma Mia! Here We Go Again,34952180,120634935,29,3317,10537,2018-07-20,Universal Pictures
498,The Expendables,34825135,103068524,33.8,3270,10649,2010-08-13,Lionsgate Films
499,Gladiator,34819017,187705427,18.6,2938,11851,2000-05-05,DreamWorks Distribution
500,Scream 3,34713342,89143175,38.9,3467,10012,2000-02-04,Dimension Films
501,The Magnificent Seven,34703397,93432655,37.1,3674,9445,2016-09-23,Sony Pictures Releasing
502,The Equalizer 3,34604229,92373751,37.5,3965,8727,2023-09-01,Columbia Pictures
503,Identity Thief,34551025,134506920,25.7,3141,11000,2013-02-08,Universal Pictures
504,Hellboy II: The Golden Army,34539115,75986503,45.4,3204,10779,2008-07-11,Universal Pictures
505,Enchanted,34440317,127807262,27,3730,9233,2007-11-21,Walt Disney Studios Motion Pictures
506,Couples Retreat,34286740,109204945,31.4,3000,11428,2009-10-09,Universal Pictures
507,Sausage Party,34263534,97685686,35.1,3103,11042,2016-08-12,Sony Pictures Releasing
508,I Now Pronounce You Chuck & Larry,34233750,120059556,28.5,3495,9795,2007-07-20,Universal Pictures
509,Tarzan,34221968,171091819,20,3005,11388,1999-06-16,Walt Disney Studios Motion Pictures
510,Ransom,34216088,136492681,25.1,2676,12786,1996-11-08,Walt Disney Studios Motion Pictures
511,Norbit,34195434,95673607,35.7,3136,10904,2007-02-09,DreamWorks
512,The Equalizer,34137828,101530738,33.6,3236,10549,2014-09-26,Sony Pictures Releasing
513,The Blind Side,34119372,255959475,13.3,3110,10970,2009-11-20,Warner Bros.
514,The Lego Movie 2: The Second Part,34115335,105806508,32.2,4303,7928,2019-02-08,Warner Bros.
515,Puss in Boots,34077439,149260504,22.8,3952,8622,2011-10-28,DreamWorks
516,The Purge,34058360,64473115,52.8,2536,13429,2013-06-07,Universal Pictures
517,Lethal Weapon 4,34048124,130444603,26.1,3117,10923,1998-07-10,Warner Bros.
518,Cloudy with a Chance of Meatballs 2,34017930,119793567,28.4,4001,8502,2013-09-27,Sony Pictures Releasing
519,Get Hard,33803253,90411453,37.4,3175,10646,2015-03-27,Warner Bros.
520,The Devil Inside,33732515,53261944,63.3,2285,14762,2012-01-06,Paramount Pictures
521,Think Like a Man,33636303,91547205,36.7,2015,16692,2012-04-20,Screen Gems
522,The Proposal,33627598,163958031,20.5,3056,11003,2009-06-19,Walt Disney Studios Motion Pictures
523,What Women Want,33614543,182811707,18.4,3012,11160,2000-12-15,Paramount Pictures
524,Saw III,33610391,80238724,41.9,3167,10612,2006-10-27,Lionsgate Films
525,Epic,33531068,107518682,31.2,3882,8637,2013-05-24,Twentieth Century Fox
526,The Green Hornet,33526876,98780042,33.9,3584,9354,2011-01-14,Sony Pictures Releasing
527,Ted 2,33507870,81476385,41.1,3442,9735,2015-06-26,Universal Pictures
528,101 Dalmatians,33504025,136189294,24.6,2794,11991,1996-11-27,Walt Disney Studios Motion Pictures
529,Wrath of the Titans,33457188,83670083,40,3545,9437,2012-03-30,Warner Bros.
530,The Haunting,33435140,91411151,36.6,2808,11907,1999-07-23,DreamWorks Distribution
531,Get Out,33377060,176040665,19,2781,12001,2017-02-24,Universal Pictures
532,Live Free or Die Hard,33369559,134529403,24.8,3408,9791,2007-06-27,Twentieth Century Fox
533,American Wedding,33369440,104565114,31.9,3172,10520,2003-08-01,Universal Pictures
534,Lethal Weapon 3,33243086,144731527,23,2510,13244,1992-05-15,Warner Bros.
535,Hustlers,33181361,104963598,31.6,3250,10209,2019-09-13,STX Entertainment
536,A Wrinkle in Time,33123609,100478608,33,3980,8322,2018-03-09,Walt Disney Studios Motion Pictures
537,Superbad,33052411,121463226,27.2,2948,11211,2007-08-17,Sony Pictures Releasing
538,Tomorrowland,33028165,93436322,35.4,3972,8315,2015-05-22,Walt Disney Studios Motion Pictures
539,Blades of Glory,33014202,118594548,27.8,3372,9790,2007-03-30,DreamWorks
540,Insidious: The Red Door,33013036,82156962,40.2,3188,10355,2023-07-07,Screen Gems
541,Birds of Prey,33010017,84158461,39.2,4236,7792,2020-02-07,Warner Bros.
542,Rush Hour,33001803,141186864,23.4,2638,12510,1998-09-18,New Line Cinema
543,Scream 2,32926342,101363301,32.5,2663,12364,1997-12-12,Dimension Films
544,A Nightmare on Elm Street,32902299,63075011,52.2,3332,9874,2010-04-30,Warner Bros.
545,Dark Phoenix,32828348,65845974,49.9,3721,8822,2019-06-07,Twentieth Century Fox
546,The Book of Eli,32789494,94835059,34.6,3111,10539,2010-01-15,Warner Bros.
547,Blade Runner 2049,32753122,92054159,35.6,4058,8071,2017-10-06,Warner Bros.
548,Where the Wild Things Are,32695407,77233467,42.3,3735,8753,2009-10-16,Warner Bros.
549,Due Date,32689406,100539043,32.5,3355,9743,2010-11-05,Warner Bros.
550,The Nun II,32603336,86267073,37.8,3728,8745,2023-09-08,Warner Bros.
551,Blade II,32528016,82348319,39.5,2707,12016,2002-03-22,New Line Cinema
552,The Maze Runner,32512804,102427862,31.7,3604,9021,2014-09-19,Twentieth Century Fox
553,Spy Kids 3: Game Over,32500000,111761982,29.1,3344,9718,2003-07-25,Dimension Films
554,Hannah Montana: The Movie,32324487,79576189,40.6,3118,10367,2009-04-10,Walt Disney Studios Motion Pictures
555,Mr. Peabody & Sherman,32207057,111506430,28.9,3934,8186,2014-03-07,Twentieth Century Fox
556,Immortals,32206425,83504017,38.6,3112,10349,2011-11-11,Relativity Media
557,Wedding Crashers,32200000,209255921,15.4,2925,11008,2005-07-15,New Line Cinema
558,Elf,32100000,173398518,18.5,3337,9619,2003-11-07,New Line Cinema
559,Jackass Presents: Bad Grandpa,32055177,102003019,31.4,3336,9608,2013-10-25,Paramount Pictures
560,The SpongeBob SquarePants Movie,32018216,85417988,37.5,3212,9968,2004-11-19,Paramount Pictures
561,Paul Blart: Mall Cop,31832636,146336178,21.8,3144,10124,2009-01-16,Sony Pictures Releasing
562,Terminator 2: Judgment Day,31765506,204843345,15.5,2274,13969,1991-07-03,TriStar Pictures
563,Saw IV,31756764,63300095,50.2,3183,9976,2007-10-26,Lionsgate Films
564,Saw II,31725652,87039965,36.4,2949,10758,2005-10-28,Lionsgate Films
565,G-Force,31706934,119436770,26.6,3697,8576,2009-07-24,Walt Disney Studios Motion Pictures
566,The Mummy,31688375,80227895,39.5,4035,7853,2017-06-09,Universal Pictures
567,Godzilla vs. Kong,31625971,100916094,31.3,3064,10321,2021-03-31,Warner Bros.
568,Bad Teacher,31603106,100292856,31.5,3049,10365,2011-06-24,Sony Pictures Releasing
569,The Truman Show,31542121,125618201,25.1,2315,13625,1998-06-05,Paramount Pictures
570,The Purge: Election Year,31515110,79213375,39.8,2796,11271,2016-07-01,Universal Pictures
571,The Wolfman,31479235,61979680,50.8,3222,9770,2010-02-12,Universal Pictures
572,Ford v Ferrari,31474958,117624357,26.8,3528,8921,2019-11-15,Twentieth Century Fox
573,Liar Liar,31423025,181410615,17.3,2845,11045,1997-03-21,Universal Pictures
574,Percy Jackson & the Olympians: The Lightning Thief,31236067,88768303,35.2,3356,9307,2010-02-12,Twentieth Century Fox
575,Elvis,31211579,151040048,20.7,3906,7990,2022-06-24,Warner Bros.
576,Girls Trip,31201920,115171585,27.1,2591,12042,2017-07-21,Universal Pictures
577,Evan Almighty,31192615,100462298,31,3604,8654,2007-06-22,Universal Pictures
578,The Sum of All Fears,31178526,118907036,26.2,3183,9795,2002-05-31,Paramount Pictures
579,Home Alone 2: Lost in New York,31126882,173585516,17.9,2222,14008,1992-11-20,Twentieth Century Fox
580,Hannah Montana and Miley Cyrus: Best of Both Worlds Concert,31117834,65281781,47.7,683,45560,2008-02-01,Walt Disney Studios Motion Pictures
581,Bringing Down the House,31101026,132716677,23.4,2801,11103,2003-03-07,Walt Disney Studios Motion Pictures
582,Four Christmases,31069826,120146040,25.9,3310,9386,2008-11-26,Warner Bros.
583,Space Jam: A New Legacy,31053362,70592228,44,3965,7831,2021-07-16,Warner Bros.
584,Into the Woods,31051923,128002372,24.3,2440,12726,2014-12-25,Walt Disney Studios Motion Pictures
585,Pokémon: The First Movie - Mewtwo Strikes Back,31036678,85744662,36.2,3043,10199,1999-11-10,Warner Bros.
586,Downton Abbey,31033665,96853865,32,3079,10079,2019-09-20,Focus Features
587,Sex and the City 2,31001870,95347692,32.5,3445,8999,2010-05-27,Warner Bros.
588,Step Brothers,30940732,100468793,30.8,3094,10000,2008-07-25,Sony Pictures Releasing
589,Little Fockers,30833665,148438600,20.8,3536,8719,2010-12-22,Universal Pictures
590,Star Trek: First Contact,30716131,92027888,33.4,2812,10923,1996-11-22,Paramount Pictures
591,Knocked Up,30690990,148768917,20.6,2871,10690,2007-06-01,Universal Pictures
592,The Dukes of Hazzard,30675314,80270227,38.2,3785,8104,2005-08-05,Warner Bros.
593,Unbroken,30621445,115637895,26.5,3131,9780,2014-12-25,Universal Pictures
594,Brüno,30619130,60054530,51,2756,11109,2009-07-10,Universal Pictures
595,Saving Private Ryan,30576104,216540909,14.1,2463,12414,1998-07-24,DreamWorks Distribution
596,The Pacifier,30552694,113086868,27,3131,9758,2005-03-04,Walt Disney Studios Motion Pictures
597,Bram Stoker's Dracula,30521679,82522790,37,2491,12252,1992-11-13,Columbia Pictures
598,The Happening,30517109,64506874,47.3,2986,10220,2008-06-13,Twentieth Century Fox
599,Just Go with It,30514732,103028109,29.6,3548,8600,2011-02-11,Sony Pictures Releasing
600,The Day the Earth Stood Still,30480153,79366978,38.4,3560,8561,2008-12-12,Twentieth Century Fox
601,Dear John,30468614,80014842,38.1,2969,10262,2010-02-05,Screen Gems
602,The Lost City,30453269,105344029,28.9,4253,7160,2022-03-25,Paramount Pictures
603,John Wick: Chapter 2,30436123,92029184,33.1,3113,9777,2017-02-10,Lionsgate Films
604,Night at the Museum,30433781,250863268,12.1,3685,8258,2006-12-22,Twentieth Century Fox
605,M3GAN,30429860,95159005,32,3509,8671,2023-01-06,Universal Pictures
606,Olympus Has Fallen,30373794,98925640,30.7,3098,9804,2013-03-22,FilmDistrict
607,Unbreakable,30330771,95011339,31.9,2708,11200,2000-11-22,Walt Disney Studios Motion Pictures
608,Maze Runner: The Scorch Trials,30316510,81697192,37.1,3791,7996,2015-09-18,Twentieth Century Fox
609,Cloudy with a Chance of Meatballs,30304648,124870275,24.3,3119,9716,2009-09-18,Sony Pictures Releasing
610,The Addams Family,30300007,100044905,30.3,4007,7561,2019-10-11,United Artists Releasing
611,America's Sweethearts,30181877,93607673,32.2,3011,10023,2001-07-20,Revolution Studios
612,John Carter,30180188,73078100,41.3,3749,8050,2012-03-09,Walt Disney Studios Motion Pictures
613,The Lion King2011 3D Release,30151614,94242001,32,2330,12940,2011-09-16,Walt Disney Studios Motion Pictures
614,The X Files,30138758,83898313,35.9,2629,11463,1998-06-19,Twentieth Century Fox
615,Django Unchained,30122888,162805434,18.5,3010,10007,2012-12-25,The Weinstein Company
616,Shazam! Fury of the Gods,30111158,57638006,52.2,4071,7396,2023-03-17,Warner Bros.
617,The Best Man Holiday,30107555,70525195,42.7,2024,14875,2013-11-15,Universal Pictures
618,Trainwreck,30097040,110212700,27.3,3158,9530,2015-07-17,Universal Pictures
619,Prince of Persia: The Sands of Time,30095259,90759676,33.2,3646,8254,2010-05-28,Walt Disney Studios Motion Pictures
620,Dodgeball: A True Underdog Story,30070196,114326736,26.3,2694,11161,2004-06-18,Twentieth Century Fox
621,A Series of Unfortunate Events,30061756,118634549,25.3,3620,8304,2004-12-17,Paramount Pictures
622,Sleepy Hollow,30060467,101071502,29.7,3064,9810,1999-11-19,Paramount Pictures
623,Panic Room,30056751,96397334,31.2,3053,9844,2002-03-29,Sony Pictures Releasing
624,The Exorcism of Emily Rose,30054300,75072454,40,2981,10081,2005-09-09,Screen Gems
625,Saw V,30053954,56746769,53,3060,9821,2008-10-24,Lionsgate Films
626,Catch Me If You Can,30053627,164615351,18.3,3156,9522,2002-12-25,DreamWorks Distribution
627,A Christmas Carol,30051075,137855863,21.8,3683,8159,2009-11-06,Walt Disney Studios Motion Pictures
628,Men in Black: International,30035838,80001807,37.5,4224,7110,2019-06-14,Sony Pictures Releasing
629,Madea's Family Reunion,30030661,63257940,47.5,2194,13687,2006-02-24,Lionsgate Films
630,Bullet Train,30030156,103368602,29,4357,6892,2022-08-05,Sony Pictures Releasing
631,Scream,30018805,81641405,36.8,3664,8192,2022-01-14,Paramount Pictures
632,Meg 2: The Trench,30002735,82600317,36.3,3503,8564,2023-08-04,Warner Bros.
633,Trolls Band Together,30002525,102996915,29.1,3870,7752,2023-11-17,Universal Pictures
634,The Purge: Anarchy,29816675,71962800,41.4,2805,10629,2014-07-18,Universal Pictures
635,Elysium,29807393,93050117,32,3284,9076,2013-08-09,TriStar Pictures
636,Hercules,29800263,72688614,41,3595,8289,2014-07-25,Paramount Pictures
637,Constantine,29769098,75976178,39.2,3006,9903,2005-02-18,Warner Bros.
638,What Lies Beneath,29702959,155464351,19.1,2813,10559,2000-07-21,DreamWorks Distribution
639,The Flintstones,29688730,130531208,22.7,2498,11885,1994-05-27,Universal Pictures
640,Dark Shadows,29685274,79727149,37.2,3755,7905,2012-05-11,Warner Bros.
641,Daddy's Home 2,29651193,104029443,28.5,3575,8294,2017-11-10,Paramount Pictures
642,Creed,29632823,109767581,27,3404,8705,2015-11-25,Warner Bros.
643,Elemental,29602429,154426697,19.2,4035,7336,2023-06-16,Walt Disney Studios Motion Pictures
644,Insidious: The Last Key,29581355,67745330,43.7,3116,9493,2018-01-05,Universal Pictures
645,Justin Bieber: Never Say Never,29514054,73013910,40.4,3105,9505,2011-02-11,Paramount Pictures
646,Ghostbusters II,29472894,112494738,26.2,2410,12229,1989-06-16,Columbia Pictures
647,Scooby-Doo 2: Monsters Unleashed,29438331,84216833,35,3312,8888,2004-03-26,Warner Bros.
648,Indiana Jones and the Last Crusade,29355021,197171806,14.9,2327,12614,1989-05-24,Paramount Pictures
649,A.I. Artificial Intelligence,29352630,78616689,37.3,3242,9053,2001-06-29,Warner Bros.
650,Now You See Me,29350389,117723989,24.9,2925,10034,2013-05-31,Lionsgate Films
651,Beverly Hills Chihuahua,29300465,94514402,31,3215,9113,2008-10-03,Walt Disney Studios Motion Pictures
652,Why Did I Get Married Too?,29289537,60095852,48.7,2155,13591,2010-04-02,Lionsgate Films
653,Think Like a Man Too,29241911,65182182,44.9,2225,13142,2014-06-20,Screen Gems
654,The Muppets,29239026,88631237,33,3440,8499,2011-11-23,Walt Disney Studios Motion Pictures
655,The Lone Ranger,29210849,89302115,32.7,3904,7482,2013-07-03,Walt Disney Studios Motion Pictures
656,Eagle Eye,29150721,101440743,28.7,3510,8305,2008-09-26,DreamWorks
657,Toy Story,29140617,191796233,15.2,2457,11860,1995-11-22,Walt Disney Studios Motion Pictures
658,The Texas Chainsaw Massacre,29100000,80571655,36.1,3016,9648,2003-10-17,New Line Cinema
659,Spy,29085719,110825712,26.2,3711,7837,2015-06-05,Twentieth Century Fox
660,Terminator: Dark Fate,29033832,62253077,46.6,4086,7105,2019-11-01,Paramount Pictures
661,Allegiant,29027348,66184051,43.9,3740,7761,2016-03-18,Lionsgate Films
662,Doctor Dolittle,29014324,144156605,20.1,2777,10448,1998-06-26,Twentieth Century Fox
663,The Santa Clause 2,29008696,139236327,20.8,3350,8659,2002-11-01,Walt Disney Studios Motion Pictures
664,Paranormal Activity 4,29003866,53885000,53.8,3412,8500,2012-10-19,Paramount Pictures
665,Jackass Number Two,29002002,72778712,39.8,3059,9480,2006-09-22,Paramount Pictures
666,Inside Man,28954945,88513495,32.7,2818,10274,2006-03-24,Universal Pictures
667,Cast Away,28883406,233632142,12.4,2774,10412,2000-12-22,Twentieth Century Fox
668,Non-Stop,28875635,92168600,31.3,3090,9344,2014-02-28,Universal Pictures
669,Miss Peregrine's Home for Peculiar Children,28871140,87242834,33.1,3522,8197,2016-09-30,Twentieth Century Fox
670,Edge of Tomorrow,28760246,100206256,28.7,3490,8240,2014-06-06,Warner Bros.
671,Murder on the Orient Express,28681472,102826543,27.9,3341,8584,2017-11-10,Twentieth Century Fox
672,Bob Marley: One Love,28659004,96456635,29.7,3539,8098,2024-02-14,Paramount Pictures
673,Titanic,28638131,600683057,4.8,2674,10709,1997-12-19,Paramount Pictures
674,Mean Girls,28635307,72404248,39.6,3791,7553,2024-01-12,Paramount Pictures
675,Meet the Parents,28623300,166244045,17.2,2614,10950,2000-10-06,Universal Pictures
676,Obsessed,28612730,68261644,41.9,2514,11381,2009-04-24,Screen Gems
677,The Expendables 2,28591370,85028192,33.6,3316,8622,2012-08-17,Lionsgate Films
678,Alita: Battle Angel,28525613,85838210,33.2,3790,7526,2019-02-14,Twentieth Century Fox
679,Boo! A Madea Halloween,28501448,73206343,38.9,2260,12611,2016-10-21,Lionsgate Films
680,Anchorman: The Legend of Ron Burgundy,28416365,85288303,33.3,3091,9193,2004-07-09,DreamWorks Distribution
681,Mama,28402310,71628180,39.6,2647,10730,2013-01-18,Universal Pictures
682,Free Guy,28365416,121626598,23.3,4165,6810,2021-08-13,20th Century Studios
683,Nacho Libre,28309599,80197993,35.3,3070,9221,2006-06-16,Paramount Pictures
684,Horrible Bosses,28302165,117538559,24.1,3040,9309,2011-07-08,Warner Bros.
685,The Invisible Man,28205665,70410000,40.1,3610,7813,2020-02-28,Universal Pictures
686,Erin Brockovich,28138465,125595205,22.4,2848,9880,2000-03-17,Universal Pictures
687,Pacific Rim: Uprising,28116535,59874525,47,3708,7582,2018-03-23,Universal Pictures
688,Starsky & Hutch,28103367,88237754,31.8,3185,8823,2004-03-05,Warner Bros.
689,Sin City,28100000,74103820,37.9,3230,8699,2005-04-01,Dimension Films
690,Teenage Mutant Ninja Turtles: Mutant Mayhem,28007544,118613586,23.6,3858,7259,2023-08-02,Paramount Pictures
691,Back to the Future Part II,27835125,118450002,23.5,1865,14925,1989-11-22,Universal Pictures
692,Hairspray,27800000,118871849,23.4,3121,8907,2007-07-20,New Line Cinema
693,The Matrix,27788331,171479930,16.2,2849,9753,1999-03-31,Warner Bros.
694,He's Just Not That Into You,27785487,93953653,29.6,3175,8751,2009-02-06,Warner Bros.
695,Mamma Mia!,27751240,144290968,19.2,2976,9325,2008-07-18,Universal Pictures
696,Big Momma's House 2,27736056,70165972,39.5,3261,8505,2006-01-27,Twentieth Century Fox
697,Jarhead,27726210,62658220,44.2,2411,11499,2005-11-04,Universal Pictures
698,Along Came Polly,27721185,88097164,31.5,2984,9289,2004-01-16,Universal Pictures
699,Wild Wild West,27687484,113804681,24.3,3342,8284,1999-06-30,Warner Bros.
700,Aquaman and the Lost Kingdom,27686211,124481226,22.2,3706,7470,2023-12-22,Warner Bros.
701,Daddy Day Care,27623580,104297061,26.5,3370,8196,2003-05-09,Revolution Studios
702,The Ugly Truth,27605576,88915214,31,2882,9578,2009-07-24,Sony Pictures Releasing
703,Cheaper by the Dozen,27557647,138614544,19.9,3298,8355,2003-12-25,Twentieth Century Fox
704,Wonder,27547866,132422809,20.8,3096,8897,2017-11-17,Lionsgate Films
705,The Devil Wears Prada,27537244,124740460,22.1,2847,9672,2006-06-30,Twentieth Century Fox
706,Space Jam,27528529,90418342,30.4,2650,10388,1996-11-15,Warner Bros.
707,After Earth,27520040,60522097,45.5,3401,8091,2013-05-31,Sony Pictures Releasing
708,Beowulf,27515871,82280579,33.4,3153,8726,2007-11-16,Paramount Pictures
709,42,27487144,95020213,28.9,3003,9153,2013-04-12,Warner Bros.
710,Bedtime Stories,27450296,110101975,24.9,3681,7457,2008-12-25,Walt Disney Studios Motion Pictures
711,The Final Destination,27408309,66477700,41.2,3121,8781,2009-08-28,Warner Bros.
712,Jumper,27354808,80172128,34.1,3428,7979,2008-02-14,Twentieth Century Fox
713,Journey 2: The Mysterious Island,27335363,103860290,26.3,3470,7877,2012-02-10,Warner Bros.
714,The Rugrats Movie,27321470,100494675,27.2,2782,9820,1998-11-20,Paramount Pictures
715,Real Steel,27319677,85468508,32,3440,7941,2011-10-07,Walt Disney Studios Motion Pictures
716,Les Misérables,27281735,148809770,18.3,2814,9695,2012-12-25,Universal Pictures
717,Night School,27257615,77339130,35.2,3010,9055,2018-09-28,Universal Pictures
718,Encanto,27206494,96093622,28.3,3980,6835,2021-11-24,Walt Disney Studios Motion Pictures
719,Jack the Giant Slayer,27202226,65187603,41.7,3525,7716,2013-03-01,Warner Bros.
720,The Bourne Identity,27118640,121661683,22.3,2638,10280,2002-06-14,Universal Pictures
721,A Madea Family Funeral,27062332,73257045,36.9,2442,11082,2019-03-01,Lionsgate Films
722,2 Guns,27059130,75612460,35.8,3025,8945,2013-08-02,Universal Pictures
723,Terminator Genisys,27018486,89760956,30.1,3758,7189,2015-07-01,Paramount Pictures
724,Ender's Game,27017351,61737191,43.8,3407,7929,2013-11-01,Lionsgate Films
725,The Departed,26887467,132384315,20.3,3017,8911,2006-10-06,Warner Bros.
726,Alice Through the Looking Glass,26858726,77041381,34.9,3763,7137,2016-05-27,Walt Disney Studios Motion Pictures
727,Underworld: Evolution,26857181,62318875,43.1,3207,8374,2006-01-20,Screen Gems
728,The Curious Case of Benjamin Button,26853816,127509326,21.1,2988,8987,2008-12-25,Paramount Pictures
729,Zombieland: Double Tap,26803104,73123082,36.6,3468,7728,2019-10-18,Sony Pictures Releasing
730,Knives Out,26769548,165363234,16.2,3461,7734,2019-11-27,Lionsgate Films
731,Flubber,26725207,92977226,28.7,2641,10119,1997-11-26,Walt Disney Studios Motion Pictures
732,Dawn of the Dead,26722575,59020957,45.3,2745,9735,2004-03-19,Universal Pictures
733,The Sixth Sense,26681262,293506292,9.1,2161,12346,1999-08-06,Walt Disney Studios Motion Pictures
734,Resident Evil: Afterlife,26650264,60128566,44.3,3203,8320,2010-09-10,Screen Gems
735,The House with a Clock in Its Walls,26608020,68549695,38.8,3592,7407,2018-09-21,Universal Pictures
736,The Campaign,26588460,86907746,30.6,3205,8295,2012-08-10,Warner Bros.
737,Spy Kids,26546881,112719001,23.6,3104,8552,2001-03-30,Miramax
738,The Pursuit of Happyness,26541709,163566459,16.2,2852,9306,2006-12-15,Sony Pictures Releasing
739,Crazy Rich Asians,26510140,174532921,15.2,3384,7833,2018-08-15,Warner Bros.
740,The Exorcist: Believer,26497600,65537395,40.4,3663,7233,2023-10-06,Universal Pictures
741,Borat,26455463,128505958,20.6,837,31607,2006-11-03,Twentieth Century Fox
742,All Eyez on Me,26435354,44922302,58.8,2471,10698,2017-06-16,Lionsgate Films
743,We're the Millers,26419396,150394119,17.6,3260,8104,2013-08-07,Warner Bros.
744,Hollow Man,26414386,73209340,36.1,2956,8935,2000-08-04,Sony Pictures Releasing
745,Don't Breathe,26411706,89217875,29.6,3051,8656,2016-08-26,Screen Gems
746,Halloween,26362367,58272029,45.2,3472,7592,2007-08-31,-
747,Beverly Hills Cop II,26348555,153665036,17.2,2326,11327,1987-05-20,Paramount Pictures
748,The Curse of La Llorona,26347631,54733739,48.1,3372,7813,2019-04-19,Warner Bros.
749,Bridesmaids,26247410,169106725,15.5,2918,8995,2011-05-13,Universal Pictures
750,Anchorman 2: The Legend Continues,26232425,125168368,21,3507,7480,2013-12-18,Paramount Pictures
751,Bolt,26223128,114053579,23,3651,7182,2008-11-21,Walt Disney Studios Motion Pictures
752,The Suicide Squad,26205415,55817425,47,4002,6548,2021-08-06,Warner Bros.
753,GoldenEye,26205007,106429941,24.6,2667,9825,1995-11-17,Metro-Goldwyn-Mayer
754,The Golden Compass,26125000,70107728,37.3,3528,7405,2007-12-07,New Line Cinema
755,The Help,26044590,169708112,15.4,2534,10278,2011-08-10,Walt Disney Studios Motion Pictures
756,Happy Death Day,26039025,55683845,46.8,3149,8268,2017-10-13,Universal Pictures
757,The Perfect Guy,25888154,57027435,45.4,2221,11656,2015-09-11,Screen Gems
758,True Lies,25869770,146282411,17.7,2368,10924,1994-07-15,Twentieth Century Fox
759,Tropic Thunder,25812796,110515313,23.4,3319,7777,2008-08-13,DreamWorks
760,Evil Dead,25775847,54239856,47.5,3025,8520,2013-04-05,TriStar Pictures
761,Rocketman,25725722,96368160,26.7,3610,7126,2019-05-31,Paramount Pictures
762,Miami Vice,25723815,63450470,40.5,3021,8515,2006-07-28,Universal Pictures
763,Captain Phillips,25718314,107100855,24,3020,8515,2013-10-11,Sony Pictures Releasing
764,Fantastic Four,25685737,56117548,45.8,3995,6429,2015-08-07,Twentieth Century Fox
765,The A-Team,25669455,77222099,33.2,3535,7261,2010-06-11,Twentieth Century Fox
766,Big Momma's House,25661041,117559438,21.8,2802,9158,2000-06-02,Twentieth Century Fox
767,About Last Night,25649011,48637684,52.7,2253,11384,2014-02-14,Screen Gems
768,V for Vendetta,25642340,70511035,36.4,3365,7620,2006-03-17,Warner Bros.
769,Robin Hood: Prince of Thieves,25625602,165493908,15.5,2369,10817,1991-06-14,Warner Bros.
770,Son of God,25601865,59700064,42.9,3260,7853,2014-02-28,Twentieth Century Fox
771,Kill Bill: Vol. 2,25600000,66208183,38.7,2971,8616,2004-04-16,Miramax
772,Total Recall,25577758,58877969,43.4,3601,7102,2012-08-03,Sony Pictures Releasing
773,Battleship,25534825,65422625,39,3690,6920,2012-05-18,Universal Pictures
774,Total Recall,25533700,119394840,21.4,2060,12395,1990-06-01,Sony Pictures Releasing
775,Penguins of Madagascar,25447444,83850911,30.4,3764,6760,2014-11-26,Twentieth Century Fox
776,The Visit,25427560,65206105,39,3069,8285,2015-09-11,Universal Pictures
777,The Nutty Professor,25411725,128814019,19.7,2115,12015,1996-06-28,Universal Pictures
778,The Firm,25400000,158348367,16,2393,10614,1993-07-02,Paramount Pictures
779,Teenage Mutant Ninja Turtles,25398367,135265915,18.8,2006,12661,1990-03-30,New Line Cinema
780,Madea's Witness Protection,25390575,65653242,38.7,2161,11749,2012-06-29,Lionsgate Films
781,Gnomeo & Juliet,25356909,99967670,25.4,2994,8469,2011-02-11,Walt Disney Studios Motion Pictures
782,Apollo 13,25353380,172071312,14.7,2197,11540,1995-06-30,Universal Pictures
783,Indiana Jones and the Temple of Doom,25337110,179870271,14.1,1687,15019,1984-05-23,Paramount Pictures
784,Gone in 60 Seconds,25336048,101648571,24.9,3006,8428,2000-06-09,Walt Disney Studios Motion Pictures
785,Underworld: Awakening,25306725,62321039,40.6,3078,8221,2012-01-20,Screen Gems
786,Public Enemies,25271675,97104620,26,3334,7579,2009-07-01,Universal Pictures
787,Patch Adams,25262280,135026902,18.7,2712,9315,1998-12-25,Universal Pictures
788,Date Night,25207599,98711404,25.5,3374,7471,2010-04-09,Twentieth Century Fox
789,Tomorrow Never Dies,25143007,125304276,20.1,2807,8957,1997-12-19,Metro-Goldwyn-Mayer
790,Meet the Robinsons,25123781,97822171,25.7,3413,7361,2007-03-30,Walt Disney Studios Motion Pictures
791,Master and Commander: The Far Side of the World,25105990,93927920,26.7,3101,8096,2003-11-14,Twentieth Century Fox
792,The Rock,25069525,134069511,18.7,2392,10480,1996-06-07,Walt Disney Studios Motion Pictures
793,Madea's Big Happy Family,25068677,53345287,47,2288,10956,2011-04-22,Lionsgate Films
794,Dr. Dolittle 2,25037039,112952899,22.2,3049,8211,2001-06-22,Twentieth Century Fox
795,Blue Beetle,25030225,72488072,34.5,3871,6466,2023-08-18,Warner Bros.
796,Vanilla Sky,25015518,100618344,24.9,2742,9123,2001-12-14,Paramount Pictures
797,Peter Rabbit,25010928,115253424,21.7,3725,6714,2018-02-09,Sony Pictures Releasing
798,Jack and Jill,25003575,74158157,33.7,3438,7272,2011-11-11,Sony Pictures Releasing
799,Skyscraper,24905015,68420120,36.4,3782,6585,2018-07-13,Universal Pictures
800,Flight,24900566,93772375,26.6,1884,13216,2012-11-02,Paramount Pictures
801,White House Down,24852258,73103784,34,3222,7713,2013-06-28,Sony Pictures Releasing
802,A Good Day to Die Hard,24834845,67349198,36.9,3553,6989,2013-02-14,Twentieth Century Fox
803,True Grit,24830443,171243005,14.5,3047,8149,2010-12-22,Paramount Pictures
804,The Call of the Wild,24791624,62342368,39.8,3752,6607,2020-02-21,20th Century Studios
805,The Other Woman,24763752,83911193,29.5,3205,7726,2014-04-25,Twentieth Century Fox
806,Predators,24760882,52000688,47.6,2669,9277,2010-07-09,Twentieth Century Fox
807,Zombieland,24733155,75590286,32.7,3036,8146,2009-10-02,Sony Pictures Releasing
808,10 Cloverfield Lane,24727437,72082998,34.3,3391,7292,2016-03-11,Paramount Pictures
809,Taken,24717037,145000989,17,3183,7765,2009-01-30,Twentieth Century Fox
810,The Accountant,24710273,86260045,28.6,3332,7416,2016-10-14,Warner Bros.
811,Collateral,24701458,101005703,24.5,3188,7748,2004-08-06,DreamWorks Distribution
812,Congo,24642539,81022101,30.4,2649,9302,1995-06-09,Paramount Pictures
813,The Butler,24637312,116632095,21.1,2933,8400,2013-08-16,The Weinstein Company
814,The Predator,24632284,51024708,48.3,4037,6101,2018-09-14,Twentieth Century Fox
815,Flightplan,24629938,89707299,27.5,3424,7193,2005-09-23,Walt Disney Studios Motion Pictures
816,Knowing,24604751,79957634,30.8,3332,7384,2009-03-20,Summit Entertainment
817,Christopher Robin,24585139,99215042,24.8,3602,6825,2018-08-03,Walt Disney Studios Motion Pictures
818,Eraser,24566446,101295562,24.2,2410,10193,1996-06-21,Warner Bros.
819,The Girl on the Train,24536265,75395035,32.5,3144,7804,2016-10-07,Universal Pictures
820,The Emoji Movie,24531923,86089513,28.5,4075,6020,2017-07-28,Sony Pictures Releasing
821,Evil Dead Rise,24504315,67233054,36.4,3402,7202,2023-04-21,Warner Bros.
822,Pet Sematary,24502775,54724696,44.8,3585,6834,2019-04-05,Paramount Pictures
823,Act of Valor,24476632,70012847,35,3039,8054,2012-02-24,Relativity Media
824,Forrest Gump,24450602,329694499,7.4,1595,15329,1994-07-06,Paramount Pictures
825,Mean Girls,24432195,86058055,28.4,2839,8605,2004-04-30,Paramount Pictures
826,Failure to Launch,24411322,88715192,27.5,3057,7985,2006-03-10,Paramount Pictures
827,Race to Witch Mountain,24402214,67172594,36.3,3187,7656,2009-03-13,Walt Disney Studios Motion Pictures
828,Contraband,24349815,66528000,36.6,2863,8505,2012-01-13,Universal Pictures
829,The Chronicles of Riddick,24289165,57761012,42,2757,8809,2004-06-11,Universal Pictures
830,The Haunted Mansion,24278410,75847266,32,3122,7776,2003-11-26,Walt Disney Studios Motion Pictures
831,The Last Samurai,24271354,111127263,21.8,2908,8346,2003-12-05,Warner Bros.
832,TMNT,24255205,54149098,44.8,3110,7799,2007-03-23,Warner Bros.
833,No Good Deed,24250283,52543632,46.2,2175,11149,2014-09-12,Screen Gems
834,Barbershop 2: Back in Business,24241612,65111277,37.2,2711,8941,2004-02-06,Metro-Goldwyn-Mayer
835,"Me, Myself & Irene",24209385,90570999,26.7,3019,8019,2000-06-23,Twentieth Century Fox
836,The Addams Family,24203754,113502426,21.3,2411,10038,1991-11-22,Paramount Pictures
837,Coach Carter,24182961,67264877,36,2524,9581,2005-01-14,Paramount Pictures
838,Maze Runner: The Death Cure,24167011,58032443,41.6,3787,6381,2018-01-26,Twentieth Century Fox
839,Warcraft,24166110,47365290,51,3400,7107,2016-06-10,Universal Pictures
840,Con Air,24131738,101117573,23.9,2824,8545,1997-06-06,Walt Disney Studios Motion Pictures
841,Exodus: Gods and Kings,24115934,65014513,37.1,3503,6884,2014-12-12,Twentieth Century Fox
842,White Noise,24113565,56386759,42.8,2261,10665,2005-01-07,Universal Pictures
843,21,24105943,81159365,29.7,2648,9103,2008-03-28,Sony Pictures Releasing
844,The Conjuring: The Devil Made Me Do It,24104332,65631050,36.7,3102,7770,2021-06-04,Warner Bros.
845,Haunted Mansion,24082475,67653287,35.6,3740,6439,2023-07-28,Walt Disney Studios Motion Pictures
846,Arrival,24074047,100546139,23.9,2317,10390,2016-11-11,Paramount Pictures
847,Tower Heist,24025190,78046570,30.8,3367,7135,2011-11-04,Universal Pictures
848,Pixels,24011616,78747585,30.5,3723,6449,2015-07-24,Sony Pictures Releasing
849,The Chronicles of Narnia: The Voyage of the Dawn Treader,24005069,104386950,23,3555,6752,2010-12-10,Twentieth Century Fox
850,Monster-in-Law,24000000,82931301,28.9,3424,7009,2005-05-13,New Line Cinema
851,The Fast and the Furious: Tokyo Drift,23973840,62514415,38.4,3027,7920,2006-06-16,Universal Pictures
852,The Bad Guys,23950245,97459240,24.6,4008,5975,2022-04-22,Universal Pictures
853,Fahrenheit 9/11,23920637,119194771,20.1,868,27558,2004-06-23,Lionsgate Films
854,Captain Underpants: The First Epic Movie,23851539,73921000,32.3,3434,6945,2017-06-02,Twentieth Century Fox
855,Bad Moms,23817340,113257297,21,3215,7408,2016-07-29,STX Entertainment
856,The Town,23808032,92186262,25.8,2861,8321,2010-09-17,Warner Bros.
857,How to Lose a Guy in 10 Days,23774850,105813373,22.5,2923,8133,2003-02-07,Paramount Pictures
858,Rise of the Guardians,23773465,103412758,23,3653,6507,2012-11-21,DreamWorks
859,Paul Blart: Mall Cop 2,23762435,71038190,33.4,3633,6540,2015-04-17,Sony Pictures Releasing
860,The Fugitive,23758855,183875760,12.9,2340,10153,1993-08-06,Warner Bros.
861,Diary of a Wimpy Kid: Rodrick Rules,23751502,52698535,45.1,3167,7499,2011-03-25,Twentieth Century Fox
862,17 Again,23722310,64167069,37,3255,7287,2009-04-17,Warner Bros.
863,Fury,23702421,85817906,27.6,3173,7470,2014-10-17,Sony Pictures Releasing
864,Resident Evil: Extinction,23678580,50648679,46.8,2828,8372,2007-09-21,Screen Gems
865,Tomb Raider,23633317,58250803,40.6,3854,6132,2018-03-16,Warner Bros.
866,The Black Phone,23633220,90123230,26.2,3150,7502,2022-06-24,Universal Pictures
867,Open Season,23624548,85105259,27.8,3833,6163,2006-09-29,Sony Pictures Releasing
868,Goosebumps,23618556,80080379,29.5,3501,6746,2015-10-16,Sony Pictures Releasing
869,The Boss,23586645,63285885,37.3,3480,6777,2016-04-08,Universal Pictures
870,Dinner for Schmucks,23527839,73026337,32.2,2911,8082,2010-07-30,DreamWorks
871,Mary Poppins Returns,23523121,171958438,13.7,4090,5751,2018-12-19,Walt Disney Studios Motion Pictures
872,Dracula Untold,23514615,56280355,41.8,2885,8150,2014-10-10,Universal Pictures
873,The Amityville Horror,23507007,65233369,36,3323,7074,2005-04-15,Metro-Goldwyn-Mayer
874,Be Cool,23450212,56046979,41.8,3216,7291,2005-03-04,Metro-Goldwyn-Mayer
875,I Can Do Bad All by Myself,23446785,51733921,45.3,2255,10397,2009-09-11,Lionsgate Films
876,Save the Last Dance,23444930,91057006,25.8,2230,10513,2001-01-12,Paramount Pictures
877,Once Upon a Time in Mexico,23424118,56359780,41.6,3282,7137,2003-09-12,Sony Pictures Releasing
878,Face/Off,23387530,112276146,20.8,2621,8923,1997-06-27,Paramount Pictures
879,The Taking of Pelham 123,23373102,65452312,35.7,3074,7603,2009-06-12,Sony Pictures Releasing
880,The Polar Express,23323463,162775358,14.3,3650,6389,2004-11-10,Warner Bros.
881,Mortal Kombat,23302503,42326031,55,3073,7582,2021-04-23,Warner Bros.
882,Mortal Kombat,23283887,70454098,33,2421,9617,1995-08-18,New Line Cinema
883,Cocaine Bear,23260790,64670240,36,3534,6582,2023-02-24,Universal Pictures
884,Killers of the Flower Moon,23253655,68026901,34.2,3628,6409,2023-10-20,Paramount Pictures
885,Pineapple Express,23245025,87341380,26.6,3072,7566,2008-08-06,Sony Pictures Releasing
886,Alvin and the Chipmunks: Chipwrecked,23244744,133110742,17.5,3723,6243,2011-12-16,Twentieth Century Fox
887,Eragon,23239907,75030163,31,3020,7695,2006-12-15,Twentieth Century Fox
888,This Is It,23234394,72091016,32.2,3481,6674,2009-10-28,Sony Pictures Releasing
889,Hellboy,23172440,59623958,38.9,3028,7652,2004-04-02,Revolution Studios
890,Double Jeopardy,23162542,116741558,19.8,2547,9094,1999-09-24,Paramount Pictures
891,Jackass Forever,23154388,57743451,40.1,3604,6424,2022-02-04,Paramount Pictures
892,The Mask,23117068,119938730,19.3,2360,9795,1994-07-29,New Line Cinema
893,Star Trek: Generations,23116394,75671125,30.6,2659,8693,1994-11-18,Paramount Pictures
894,Eat Pray Love,23104523,80574010,28.7,3082,7496,2010-08-13,Sony Pictures Releasing
895,The League of Extraordinary Gentlemen,23075892,66465204,34.7,3002,7686,2003-07-11,Twentieth Century Fox
896,Smallfoot,23045635,83240103,27.7,4131,5578,2018-09-28,Warner Bros.
897,Resident Evil: Apocalypse,23036273,51201453,45,3284,7014,2004-09-10,Screen Gems
898,Star Wars: Episode VI - Return of the Jedi,23019618,252583617,9.1,1002,22973,1983-05-25,Twentieth Century Fox
899,27 Dresses,23007725,76808654,30,3057,7526,2008-01-18,Twentieth Century Fox
900,The Haunting in Connecticut,23004765,55389516,41.5,2732,8420,2009-03-27,Lionsgate Films
901,DC League of Super-Pets,23003441,93657117,24.6,4314,5332,2022-07-29,Warner Bros.
902,The Princess Diaries 2: Royal Engagement,22956453,95170481,24.1,3472,6611,2004-08-11,Walt Disney Studios Motion Pictures
903,The Game Plan,22950971,90648202,25.3,3103,7396,2007-09-28,Walt Disney Studios Motion Pictures
904,Vantage Point,22874936,72266306,31.6,3149,7264,2008-02-22,Sony Pictures Releasing
905,Jack Reacher: Never Go Back,22872490,58697076,39,3780,6050,2016-10-21,Paramount Pictures
906,The Princess Diaries,22862269,108248956,21.1,2537,9011,2001-08-03,Walt Disney Studios Motion Pictures
907,Mission to Mars,22855247,60883407,37.5,3054,7483,2000-03-10,Walt Disney Studios Motion Pictures
908,The Interpreter,22822455,72708161,31.4,2758,8275,2005-04-22,Universal Pictures
909,PAW Patrol: The Mighty Movie,22764354,65231360,34.9,3989,5706,2023-09-29,Paramount Pictures
910,Jackass: The Movie,22763437,64255312,35.4,2509,9072,2002-10-25,Paramount Pictures
911,Man on Fire,22751490,77911774,29.2,2980,7634,2004-04-21,Twentieth Century Fox
912,Mulan,22745143,120620254,18.9,2888,7875,1998-06-19,Walt Disney Studios Motion Pictures
913,Rugrats in Paris,22718184,76507756,29.7,2934,7743,2000-11-17,Paramount Pictures
914,Insidious: Chapter 3,22692741,52218558,43.5,3002,7559,2015-06-05,Focus Features
915,Unstoppable,22688457,81562942,27.8,3207,7074,2010-11-12,Twentieth Century Fox
916,Funny People,22657780,51855045,43.7,3007,7535,2009-07-31,Universal Pictures
917,Black Mass,22635037,62575678,36.2,3188,7100,2015-09-18,Warner Bros.
918,Poltergeist,22620386,47425125,47.7,3240,6981,2015-05-22,Twentieth Century Fox
919,The Time Machine,22610437,56832494,39.8,2944,7680,2002-03-08,DreamWorks Distribution
920,Smile,22609925,105935048,21.3,3645,6202,2022-09-30,Paramount Pictures
921,Bridge to Terabithia,22564612,82272442,27.4,3139,7188,2007-02-16,Walt Disney Studios Motion Pictures
922,Training Day,22550788,76631907,29.4,2712,8315,2001-10-05,Warner Bros.
923,Dick Tracy,22543911,103738726,21.7,2332,9667,1990-06-15,Walt Disney Studios Motion Pictures
924,Saw 3D,22530123,45710178,49.3,2808,8023,2010-10-29,Lionsgate Films
925,The Mask of Zorro,22525855,94095523,23.9,2515,8956,1998-07-17,Sony Pictures Releasing
926,Heaven Is for Real,22522221,91443253,24.6,2417,9318,2014-04-16,TriStar Pictures
927,The Lucky One,22518358,60457138,37.2,3155,7137,2012-04-20,Warner Bros.
928,Shallow Hal,22518295,70839203,31.8,2770,8129,2001-11-09,Twentieth Century Fox
929,Star Wars: Episode I - The Phantom Menace2012 3D Release,22469932,43456382,51.7,2655,8463,2012-02-10,Twentieth Century Fox
930,Life of Pi,22451514,124987023,18,2927,7670,2012-11-21,Twentieth Century Fox
931,The Social Network,22445653,96962694,23.2,2771,8100,2010-10-01,Sony Pictures Releasing
932,The Patriot,22413710,113330342,19.8,3061,7322,2000-06-28,Sony Pictures Releasing
933,Contagion,22403596,75658097,29.6,3222,6953,2011-09-09,Warner Bros.
934,Now You See Me 2,22383146,65075540,34.4,3232,6925,2016-06-10,Lionsgate Films
935,Walk the Line,22347341,119519402,18.7,2961,7547,2005-11-18,Twentieth Century Fox
936,The General's Daughter,22332053,102705852,21.7,2856,7819,1999-06-18,Paramount Pictures
937,Sing 2,22326230,162790990,13.7,3892,5736,2021-12-22,Universal Pictures
938,Planes,22232291,90288712,24.6,3702,6005,2013-08-09,Walt Disney Studios Motion Pictures
939,Disturbia,22224982,80209692,27.7,2925,7598,2007-04-13,DreamWorks
940,"Legally Blonde 2: Red, White & Blonde",22220670,90186328,24.6,3350,6633,2003-07-02,Metro-Goldwyn-Mayer
941,Monster House,22217226,73661010,30.2,3553,6253,2006-07-21,Sony Pictures Releasing
942,Freaky Friday,22203007,110230332,20.1,2954,7516,2003-08-06,Walt Disney Studios Motion Pictures
943,Kill Bill: Vol. 1,22200000,70099045,31.7,3102,7156,2003-10-10,Miramax
944,Die Hard with a Vengeance,22162245,100012499,22.2,2525,8777,1995-05-19,Twentieth Century Fox
945,Poseidon,22155410,60674817,36.5,3555,6232,2006-05-12,Warner Bros.
946,Diary of a Wimpy Kid,22126166,64003625,34.6,3077,7190,2010-03-19,Twentieth Century Fox
947,Ghost Rider: Spirit of Vengeance,22115334,51774002,42.7,3174,6967,2012-02-17,Sony Pictures Releasing
948,It's Complicated,22100820,112735375,19.6,2887,7655,2009-12-25,Universal Pictures
949,Ladder 49,22088204,74541707,29.6,3260,6775,2004-10-01,Walt Disney Studios Motion Pictures
950,Road to Perdition,22079481,104454762,21.1,1797,12286,2002-07-12,DreamWorks Distribution
951,Starship Troopers,22058773,54814377,40.2,2971,7424,1997-11-07,Sony Pictures Releasing
952,Star Trek: Insurrection,22052836,70187658,31.4,2620,8417,1998-12-11,Paramount Pictures
953,Chronicle,22004098,64575175,34.1,2907,7569,2012-02-03,Twentieth Century Fox
954,The Monuments Men,22003433,78031620,28.2,3083,7137,2014-02-07,Sony Pictures Releasing
955,Candyman,22001750,61186570,36,3569,6164,2021-08-27,Universal Pictures
956,Star Wars: Episode V - The Empire Strikes Back1997 Special Edition,21975993,67597694,32.5,2111,10410,1997-02-21,Twentieth Century Fox
957,Hide and Seek,21959233,51100486,43,3005,7307,2005-01-28,Twentieth Century Fox
958,Diary of a Mad Black Woman,21905089,50633099,43.3,1483,14770,2005-02-25,Lionsgate Films
959,Inspector Gadget,21889138,97403112,22.5,2814,7778,1999-07-23,Walt Disney Studios Motion Pictures
960,Unknown,21856389,63686397,34.3,3043,7182,2011-02-18,Warner Bros.
961,Dolittle,21844045,77047065,28.4,4155,5257,2020-01-17,Universal Pictures
962,Stomp the Yard,21833312,61356221,35.6,2051,10645,2007-01-12,Screen Gems
963,Notting Hill,21811180,116089678,18.8,2747,7940,1999-05-28,Universal Pictures
964,Renaissance: A Film by Beyoncé,21801216,33889684,64.3,2539,8586,2023-12-01,-
965,Lara Croft: Tomb Raider - The Cradle of Life,21783641,65660196,33.2,3222,6760,2003-07-25,Paramount Pictures
966,RED,21761408,90380162,24.1,3255,6685,2010-10-15,Summit Entertainment
967,Neighbors 2: Sorority Rising,21760405,55455765,39.2,3384,6430,2016-05-20,Universal Pictures
968,Underworld,21753759,51970690,41.9,2915,7462,2003-09-19,Screen Gems
969,Die Hard 2,21744661,117540947,18.5,2507,8673,1990-07-06,Twentieth Century Fox
970,Texas Chainsaw,21744470,34341945,63.3,2654,8193,2013-01-04,Lionsgate Films
971,Garfield: The Movie,21727611,75369589,28.8,3094,7022,2004-06-11,Twentieth Century Fox
972,Shaft,21714757,70334258,30.9,2337,9291,2000-06-16,Paramount Pictures
973,Cats & Dogs,21707617,93385515,23.2,3040,7140,2001-07-04,Warner Bros.
974,Eyes Wide Shut,21706163,55691208,39,2411,9002,1999-07-16,Warner Bros.
975,Spy Game,21689125,62362560,34.8,2770,7830,2001-11-21,Universal Pictures
976,Lights Out,21688103,67268835,32.2,2818,7696,2016-07-22,Warner Bros.
977,RoboCop,21681430,58607007,37,3372,6429,2014-02-12,Sony Pictures Releasing
978,My Best Friend's Wedding,21678377,127120029,17,2134,10158,1997-06-20,Sony Pictures Releasing
979,Bumblebee,21654047,127195589,17,3550,6099,2018-12-21,Paramount Pictures
980,Temptation: Confessions of a Marriage Counselor,21641679,51975354,41.6,2047,10572,2013-03-29,Lionsgate Films
981,London Has Fallen,21635601,62524260,34.6,3490,6199,2016-03-04,Focus Features
982,Little Man,21613176,58645052,36.8,2533,8532,2006-07-14,Revolution Studios
983,When a Stranger Calls,21607203,47860214,45.2,2999,7204,2006-02-03,Screen Gems
984,Fool's Gold,21589295,70231041,30.7,3125,6908,2008-02-08,Warner Bros.
985,Tammy,21577049,84525432,25.5,3465,6227,2014-07-02,Warner Bros.
986,Christmas with the Kranks,21570867,73780539,29.2,3393,6357,2004-11-24,Revolution Studios
987,"You, Me and Dupree",21525560,75628110,28.5,3131,6874,2006-07-14,Universal Pictures
988,Pete's Dragon,21514095,76233151,28.2,3702,5811,2016-08-12,Walt Disney Studios Motion Pictures
989,American Reunion,21514080,57011521,37.7,3192,6740,2012-04-06,Universal Pictures
990,Cruella,21496997,86103234,25,3892,5523,2021-05-28,Walt Disney Studios Motion Pictures
991,The 40-Year-Old Virgin,21422815,109449237,19.6,2845,7529,2005-08-19,Universal Pictures
992,The Stepford Wives,21406781,59484742,36,3057,7002,2004-06-11,Paramount Pictures
993,Good Boys,21402605,83140306,25.7,3204,6679,2019-08-16,Universal Pictures
994,Safe Haven,21401594,71349120,30,3223,6640,2013-02-14,Relativity Media
995,The Forbidden Kingdom,21401121,52075270,41.1,3151,6791,2008-04-18,Lionsgate Films
996,The Hitman's Bodyguard,21384504,75468583,28.3,3377,6332,2017-08-18,Lionsgate Films
997,Angel Has Fallen,21380987,69030436,31,3286,6506,2019-08-23,Lionsgate Films
998,Ice Age: Collision Course,21373064,64063008,33.4,3992,5353,2016-07-22,Twentieth Century Fox
999,Why Did I Get Married?,21353789,55204525,38.7,2011,10618,2007-10-12,Lionsgate Films
"1,000",Turbo,21312625,83028128,25.7,3806,5599,2013-07-17,Twentieth Century Fox
